,mean,variance,kurtosis,skewness,date
0,21812.465277777777,6884161.315863336,0.7876763831398176,-0.6736065094975032,2019-01-01
1,24134.614583333332,7756920.941528746,0.33975752579843027,-0.9858577383570406,2019-01-02
2,24751.847222222223,5726200.638598529,0.30672217399202195,-1.0605003677882856,2019-01-03
3,24432.8125,4865190.849738676,0.22369310295758624,-1.1255346906077057,2019-01-04
4,23862.239583333332,4868821.137521777,-0.1661544640409712,-1.0448031529905915,2019-01-05
5,22532.003472222223,5893794.67943041,0.8004086461173331,-0.5567437206010744,2019-01-06
6,24016.25,7501176.202090592,-0.2212471308596679,-0.8558435188112772,2019-01-07
7,24008.791666666668,6167265.217770034,-0.27182918078744644,-0.8393282544451592,2019-01-08
8,23849.465277777777,6213641.232239643,-0.22352776474443403,-0.8230163630332541,2019-01-09
9,23719.038194444445,6100816.0229263455,-0.1127519898805849,-0.9411226049595429,2019-01-10
10,23981.315972222223,5510346.42594609,-0.38358373816242786,-0.8811423162228316,2019-01-11
11,21865.85763888889,3596650.1155512,0.6458478981612498,-0.5833194274882518,2019-01-12
12,21287.572916666668,5500387.548671603,1.0061747513376842,-0.4265637336621153,2019-01-13
13,24766.916666666668,11960082.425087107,-0.6657483073150254,-1.0075847446092592,2019-01-14
14,24800.42013888889,9392944.634714965,-0.524900588474019,-1.0044223450040408,2019-01-15
15,24291.902777777777,8127709.530584591,-0.43754218664038186,-0.9586614199348644,2019-01-16
16,24208.815972222223,8562539.286573267,-0.6372613011681058,-1.0042602178687892,2019-01-17
17,23104.006944444445,5306851.0940282615,-0.26178609616647525,-0.8348419080027116,2019-01-18
18,20978.413194444445,3283169.4488845333,0.8612364192242716,-0.45070610673599365,2019-01-19
19,20616.46875,4734454.709821428,0.8188120759080337,-0.5406744954735254,2019-01-20
20,22616.777777777777,7965309.128145567,0.3796118932173129,-0.669493412470445,2019-01-21
21,23665.53125,6717904.66104094,0.24370316748796328,-1.0279263567878698,2019-01-22
22,23699.95486111111,6034248.48924458,0.290407405633929,-1.144777678001271,2019-01-23
23,23527.288194444445,5511906.763344464,0.15007913428532815,-1.1520738485036417,2019-01-24
24,23124.20486111111,5081409.717467577,0.09335445240597014,-1.11644161028762,2019-01-25
25,21241.53125,3141586.228985192,0.8416513838043751,-0.3613784376222622,2019-01-26
26,20176.190972222223,5321771.4024269255,0.9930129256614832,-0.34244186025388323,2019-01-27
27,23156.5625,7874890.449041812,-0.46192496523214316,-0.8463844034588499,2019-01-28
28,23144.868055555555,5846894.191589237,-0.09090125085124241,-0.8186541175098809,2019-01-29
29,22997.95138888889,6266479.119579945,-0.05281186534703366,-0.9024237068708012,2019-01-30
30,23447.270833333332,6961076.079703833,-0.4167400284523934,-0.8174524704293575,2019-01-31
31,23375.472222222223,5757112.939992257,-0.4063190789981231,-0.8010601422210675,2019-02-01
32,22241.097222222223,4443728.924312815,-0.1035605637663646,-0.9321734242675084,2019-02-02
33,21450.034722222223,3606152.674748354,0.40410325901688265,-0.7022087805982129,2019-02-03
34,24112.822916666668,9193933.672364982,-0.5087851750329659,-0.8179262768122446,2019-02-04
35,24356.784722222223,6874242.030149051,0.12773153681866545,-0.8373955714553425,2019-02-05
36,24383.51736111111,5859033.720951897,0.4313462739483568,-1.0841625990178376,2019-02-06
37,24498.131944444445,5531279.822251258,0.35236318875218997,-1.2548693211811799,2019-02-07
38,24150.690972222223,4615839.440754453,0.1262590164495584,-1.1066979308268454,2019-02-08
39,22360.465277777777,3104323.253145567,0.7036569006063461,-0.5670397949243773,2019-02-09
40,21970.399305555555,5229972.066480353,1.012561824242562,-0.3219930476718207,2019-02-10
41,23949.3125,6933957.191202091,0.38830055978902495,-0.995454808459622,2019-02-11
42,24777.42013888889,5766611.686979772,-0.1456603029973228,-0.8754613117264407,2019-02-12
43,24861.010416666668,7757787.84309669,-0.5700435258096829,-0.9460288631447296,2019-02-13
44,24082.020833333332,10618296.54311847,-3.0090156505335997,18.927583523745078,2019-02-14
45,23648.059027777777,5616526.111486159,-0.17737619279669617,-0.7358929170256854,2019-02-15
46,21775.333333333332,3853872.3484320557,0.8296324474801469,-0.5536163836086954,2019-02-16
47,21452.902777777777,5254436.492257066,1.0167271716064556,-0.42271072184569425,2019-02-17
48,23297.822916666668,6233450.2925740415,0.7169793676729009,-0.6366690897726643,2019-02-18
49,24287.444444444445,6626568.1293070065,0.4724987188045025,-1.2180466188032102,2019-02-19
50,25075.17361111111,6147558.39484127,0.10382051825758931,-0.7207676599075366,2019-02-20
51,24900.64236111111,6296185.031927506,0.26219433302867773,-0.856373723358713,2019-02-21
52,24015.229166666668,5200271.7730836235,0.341876853607963,-1.3531099595034601,2019-02-22
53,22200.46875,3451754.688915505,0.3708907477346519,-0.6774647373928913,2019-02-23
54,20803.79861111111,5375553.248499806,0.7383348787843764,-0.36464189453877216,2019-02-24
55,23340.35763888889,6430412.585934475,0.16785902675210118,-0.7178485166452782,2019-02-25
56,23786.15625,5496932.243793554,0.006059387700579653,-0.6439406509537302,2019-02-26
57,23221.35763888889,4816866.794993709,0.16977507173215298,-0.7666088962060669,2019-02-27
58,22726.28125,5026967.101807491,0.44968995658232347,-0.6557164849729009,2019-02-28
59,22649.51736111111,4445188.661718448,0.008769302884753976,-0.7312345464270056,2019-03-01
60,21675.819444444445,3017730.5038714674,0.4479834110418988,-0.43780662233321843,2019-03-02
61,20393.35763888889,4711707.331579074,1.1410546355532607,-0.13930799533277582,2019-03-03
62,22933.520833333332,6755669.985627178,-0.15042651062147633,-0.6070000399842241,2019-03-04
63,24013.822916666668,5689026.5434451215,-0.30837324199781685,-0.7639696225172421,2019-03-05
64,23955.697916666668,6092416.915396341,-0.31496764123220916,-0.7698317998639364,2019-03-06
65,23404.697916666668,5168343.194141986,0.1733661058461483,-0.5500516986238888,2019-03-07
66,23169.45486111111,5170491.001439702,0.5122960130035196,-0.8773076746430593,2019-03-08
67,22059.354166666668,3092029.023954704,1.006201594741063,-0.24670874198488235,2019-03-09
68,20358.354166666668,22539496.43162021,-3.114033803145663,11.632516079310612,2019-03-10
69,23658.520833333332,5656818.097125435,-0.05040655317146403,-1.0498907324543254,2019-03-11
70,22962.621527777777,5246477.539186507,0.47512289027479754,-1.0415055176853931,2019-03-12
71,22049.916666666668,5282311.052264809,0.5258942366396946,-1.08707311270475,2019-03-13
72,22709.180555555555,5124338.970770422,0.5167430592405883,-1.137939054552628,2019-03-14
73,21910.590277777777,4023690.479626403,0.4448797367179688,-1.2402631673490834,2019-03-15
74,20686.489583333332,3839917.6166158537,0.6965375982385135,-0.45602877601895253,2019-03-16
75,20098.944444444445,5527968.282617112,1.0165037037502573,-0.07951438746834816,2019-03-17
76,22538.90625,5755780.691528746,0.11708462032004445,-0.6947639044344265,2019-03-18
77,22896.96875,4783149.640135017,-0.11239653134466683,-0.750677144907959,2019-03-19
78,22959.347222222223,4596077.363337206,-0.3840758228444418,-0.794002008374775,2019-03-20
79,22631.684027777777,4493962.070545393,0.184502731166166,-1.0448870474553458,2019-03-21
80,22684.89236111111,3975729.559802071,-0.2399185392503349,-0.8542263707692657,2019-03-22
81,20570.98263888889,3136166.6721714097,0.5881725205592359,-0.3748439041478133,2019-03-23
82,19514.35763888889,5577829.868164441,0.7917312098044236,-0.24120996055870458,2019-03-24
83,22679.243055555555,5909693.940718155,-0.1614910359116556,-0.6700131278053201,2019-03-25
84,22507.95486111111,4586594.252310782,0.08365535986790079,-0.8016309760351445,2019-03-26
85,22770.194444444445,4598671.341850561,-0.15676250687244372,-0.8357989246898536,2019-03-27
86,22533.288194444445,4111603.920138889,0.16977736650338662,-0.7622518996984016,2019-03-28
87,22041.84375,3821332.0974520906,0.40270304491404846,-1.0347137648013152,2019-03-29
88,20361.57638888889,4089577.77114789,0.6614818541335166,-0.48125400377411687,2019-03-30
89,19961.840277777777,5854734.880323268,0.94768910581884,-0.28087901198885934,2019-03-31
90,23107.371527777777,7115188.68030149,-0.3488975108352646,-0.8294707077331016,2019-04-01
91,22871.847222222223,4344825.161246612,-0.05556759813853159,-0.5561252177059921,2019-04-02
92,22964.378472222223,4608221.274378145,-0.3909561301129143,-0.645936526575873,2019-04-03
93,23111.89236111111,4299198.723565137,-0.35039358539209625,-0.8733435730873396,2019-04-04
94,22721.85763888889,3973904.1503944057,-0.6187078950745384,-0.7096079402617734,2019-04-05
95,20532.506944444445,3496539.149777391,0.9701578598640264,-0.07735011794857849,2019-04-06
96,20278.104166666668,6120551.306184669,1.0945953961325108,-0.1873267525327864,2019-04-07
97,23547.368055555555,8786555.585317459,-0.3092741320587599,-0.9495821120132364,2019-04-08
98,22294.996527777777,3622111.6550401663,0.6137884659831577,-0.2143296947874611,2019-04-09
99,22413.899305555555,4763956.585644116,0.4933326835561567,-0.5533170933749938,2019-04-10
100,23018.305555555555,3752328.8540456835,-0.1256016590635937,-0.3740641446723716,2019-04-11
101,22425.885416666668,3530852.4920513937,0.308051586937887,-0.7283295144102309,2019-04-12
102,20730.23611111111,3476116.362175765,1.0330192795505384,-0.14897820235244463,2019-04-13
103,19843.92013888889,5311475.79499371,1.0533257329316674,-0.18190757684370418,2019-04-14
104,22739.041666666668,5566462.026132404,-0.19637944951824154,-0.708272319119589,2019-04-15
105,23089.54513888889,4214486.346387437,-0.20320294711080514,-0.6701616522857416,2019-04-16
106,23144.57638888889,4631191.931426636,0.413729528991836,-0.5316841139238022,2019-04-17
107,24304.208333333332,7196919.489547038,0.17206414035529122,-0.8643832552655648,2019-04-18
108,23732.177083333332,4556835.142748258,0.0548253600047253,-0.7526030624623408,2019-04-19
109,21115.979166666668,2926183.9995644605,0.9351469971664866,-0.15798034848639153,2019-04-20
110,19492.20138888889,4805063.589963222,0.7694323854954388,-0.2280070346579901,2019-04-21
111,22711.70486111111,7293721.031056427,0.2730165953252948,-0.6539819996673004,2019-04-22
112,24387.847222222223,9844315.558459155,0.2123988950676808,-0.9579308933617279,2019-04-23
113,25487.319444444445,11633409.416763453,0.13928410195113877,-1.113335197107137,2019-04-24
114,25677.805555555555,9975587.578784358,0.08040595596390394,-1.083035720619325,2019-04-25
115,24782.145833333332,6636553.74869338,0.0958273846152382,-0.9744306821408566,2019-04-26
116,22197.916666666668,3556517.7909407667,0.8668702060417665,-0.47514421980916133,2019-04-27
117,21077.569444444445,5736975.256484708,0.9534899125411759,-0.48939337152959794,2019-04-28
118,23293.506944444445,5033276.118418505,-0.2883953553599815,-0.6218769790218817,2019-04-29
119,23314.65625,4291925.710692509,-0.1796793160652281,-0.5315965745698006,2019-04-30
120,23215.180555555555,4817907.542198993,0.4488983604451153,-0.4642239238369448,2019-05-01
121,23623.11111111111,5306233.4998064255,0.303533286794962,-0.5243327932114212,2019-05-02
122,23692.03125,4761643.577417247,0.20723709607451327,-0.6906049417850149,2019-05-03
123,21720.4375,4133299.7730836235,0.9406758114628518,-0.458002165197386,2019-05-04
124,20347.777777777777,5150393.169957413,0.9010155711298767,-0.3805688105030587,2019-05-05
125,23252.871527777777,5404373.986921699,-0.23629097920366623,-0.6276106699211588,2019-05-06
126,23600.597222222223,4597783.642082849,-0.09444456052462136,-0.5215587555051893,2019-05-07
127,24117.364583333332,5394381.577417247,-0.3894890740767182,-0.667146723875323,2019-05-08
128,24305.027777777777,4717340.556716996,-0.5778262104020111,-0.7227348281753017,2019-05-09
129,23625.722222222223,9698465.699574139,-4.661444423236848,32.6514639302126,2019-05-10
130,21689.340277777777,3592378.510985289,1.0260278759595745,-0.2851575213123847,2019-05-11
131,21017.815972222223,6240133.328385114,0.9590474159399127,-0.526601869596449,2019-05-12
132,23768.100694444445,6935133.470661537,-0.14313802522284438,-0.7576080183266409,2019-05-13
133,24214.503472222223,5897432.91984853,-0.1807055207672318,-0.861660623620768,2019-05-14
134,24302.26736111111,4570861.994471061,-0.6232991960422404,-0.8607979977414284,2019-05-15
135,23072.753472222223,2915852.5557370307,-0.18930367820638164,-0.8915871025724122,2019-05-16
136,22141.149305555555,2601506.5734489937,0.442652936190818,-0.48444806340163415,2019-05-17
137,21235.11111111111,2673368.8865660084,0.5574736011977172,-0.7624140803291,2019-05-18
138,20120.760416666668,2661687.8552918117,1.207289376320016,0.4470520794995476,2019-05-19
139,21798.53125,3971552.326546167,0.1913572404458629,-0.4073032528220466,2019-05-20
140,22502.118055555555,3372098.2647599694,0.1143679977745169,-0.41138130004570295,2019-05-21
141,22448.277777777777,3280325.678668215,0.03771062021938201,-0.3746957589146538,2019-05-22
142,23093.104166666668,3788315.793989547,-0.5756742763849998,-0.7310235844973665,2019-05-23
143,22164.399305555555,2920488.623971641,0.5112022140903021,-0.41363641384759076,2019-05-24
144,20112.368055555555,2830912.9163279133,1.1222671985045447,-0.044452945905710806,2019-05-25
145,19705.0625,1887539.8636759582,1.037545712926044,0.04247566251292767,2019-05-26
146,19405.944444444445,3738254.0038714674,1.2539997110867909,0.18114490264009042,2019-05-27
147,22132.96875,5588508.079159408,0.03747951612843556,-0.6026427154331473,2019-05-28
148,23340.072916666668,6095545.015570558,0.19545906484615483,-0.8416125611441205,2019-05-29
149,23772.878472222223,5914987.145458285,0.11481861163023521,-0.8696998932790208,2019-05-30
150,23995.864583333332,4975604.298671603,-0.018277350762514497,-0.8817559031666544,2019-05-31
151,22440.774305555555,3612624.61438976,0.684178509193667,-0.7048214919575959,2019-06-01
152,21500.590277777777,5380875.155584592,0.8852385061944096,-0.6331871294858811,2019-06-02
153,24681.246527777777,10452734.834482675,-0.08622967220518368,-1.0016074226286196,2019-06-03
154,26647.822916666668,14999307.519054879,0.0913013571559798,-1.1930086902360018,2019-06-04
155,27867.409722222223,15917860.890776228,-0.0195739518495267,-1.2946908905732544,2019-06-05
156,26070.159722222223,6445374.016211769,0.0016686137172887672,-1.0832255420574297,2019-06-06
157,24354.059027777777,4627885.212531455,0.13362519734986214,-0.7459971037172926,2019-06-07
158,23340.40625,8100409.59396777,0.7635743411420192,-1.0029851988702982,2019-06-08
159,24770.135416666668,24724919.53212108,0.5463436022388461,-1.2911004152658196,2019-06-09
160,31103.659722222223,46994826.06499226,0.061349965741012494,-1.4827289118655937,2019-06-10
161,33014.475694444445,44206156.7311145,0.030425155616873163,-1.5097335045138625,2019-06-11
162,31912.34375,25004070.560866725,0.06971317756207854,-1.3956183778885947,2019-06-12
163,27962.82986111111,9611481.186979773,0.026734098293362717,-1.1592342401246665,2019-06-13
164,25945.42013888889,6296334.460498935,0.022904910739513156,-0.9852179070265006,2019-06-14
165,23950.871527777777,4912487.589709156,0.6393164764103848,-0.9796715929942632,2019-06-15
166,22737.479166666668,6550234.766114983,0.7559911191042389,-0.9769567611622314,2019-06-16
167,26293.6875,12263583.769599304,-0.11310474738762952,-1.1743592796925795,2019-06-17
168,27656.20138888889,13576490.872193186,-0.01614588724375105,-1.203079102849928,2019-06-18
169,27880.42013888889,13952347.038896147,0.03863329450698182,-1.2659731477126202,2019-06-19
170,26472.541666666668,5781123.31533101,-0.20611051867243133,-0.9558187303353565,2019-06-20
171,25135.319444444445,5145479.507355788,-0.1089065809575935,-0.8766146348238695,2019-06-21
172,24021.166666666668,9238712.236933798,0.6418026182935496,-1.0955779360165392,2019-06-22
173,24760.256944444445,15660152.560927214,0.5259444293973032,-1.2746837707080623,2019-06-23
174,27402.163194444445,15589454.29731659,-0.015239786172376518,-1.2476293784361627,2019-06-24
175,26566.89236111111,8682085.92217141,-0.16975178856645595,-1.1639641453658605,2019-06-25
176,25552.63888888889,6305094.099109562,0.05602574854338179,-0.9160245130392037,2019-06-26
177,25441.756944444445,7321120.024341851,0.20394763056804857,-1.0668676914465025,2019-06-27
178,25664.54861111111,8565857.530729773,0.11778078229526001,-1.2098274365869988,2019-06-28
179,24271.958333333332,8626560.918118468,0.32246337418957094,-1.4604627882656163,2019-06-29
180,24158.5625,13837906.330574913,0.4732265416536222,-1.3056882234167182,2019-06-30
181,27095.618055555555,18941010.801345333,0.03020315604943619,-1.3125347897345285,2019-07-01
182,27315.416666666668,13992199.804878049,0.12947013124831702,-1.2948325424950085,2019-07-02
183,26811.222222222223,9829098.21525358,0.11250378532021438,-1.2232500375935185,2019-07-03
184,24078.6875,7291809.581445993,0.5221068140559448,-1.2902897229068153,2019-07-04
185,26121.472222222223,15794942.535811068,0.3385103088052392,-1.3346425811486917,2019-07-05
186,25263.065972222223,11103100.30573703,0.4532279858613949,-1.3189288541942625,2019-07-06
187,23577.21875,8314319.71853223,0.6932638421734972,-1.0361343562271101,2019-07-07
188,25604.92361111111,9458625.415747194,-0.08906596519552287,-1.0444390721434054,2019-07-08
189,26875.194444444445,13243353.613627564,0.14445432596461716,-1.2240277366077805,2019-07-09
190,28361.819444444445,18043371.3401084,0.12762693692280153,-1.3004634657332512,2019-07-10
191,29596.114583333332,23550575.53037892,0.13187667749267723,-1.37649988474823,2019-07-11
192,30354.086805555555,26593913.24330962,0.1364938499142712,-1.4136081532025788,2019-07-12
193,28951.618055555555,21594824.27869725,0.28668213501970974,-1.3812227827879435,2019-07-13
194,27760.027777777777,22903501.852884244,0.3223750682859937,-1.3819286995882685,2019-07-14
195,30894.222222222223,34339309.03058459,0.07221585843655585,-1.433078217362526,2019-07-15
196,30584.315972222223,23550929.513054106,0.08671673781012458,-1.3930065257135427,2019-07-16
197,29900.711805555555,21111891.93407617,0.14542163587213885,-1.3581501006595167,2019-07-17
198,29664.229166666668,19400050.846254356,0.09931371984459333,-1.3301725480201576,2019-07-18
199,28429.881944444445,13246793.198557878,0.08176684758030746,-1.2372450365806078,2019-07-19
200,26186.944444444445,11785503.920247775,0.452163001083378,-1.2687670186126663,2019-07-20
201,26744.666666666668,24688474.027874563,0.4337745884756241,-1.39134718893041,2019-07-21
202,31232.256944444445,36492023.02085753,0.07910343487541475,-1.4180071138521855,2019-07-22
203,33324.23611111111,35507649.797715835,0.03611097643489623,-1.4662936403313152,2019-07-23
204,33851.149305555555,43876696.970661536,0.00023960934003064587,-1.5387814881022956,2019-07-24
205,33447.65625,31019562.930204704,0.07112949208023092,-1.4123040991384428,2019-07-25
206,33494.4375,35028193.06228223,0.05743250458038021,-1.4433170296554185,2019-07-26
207,31803.475694444445,37694191.26073122,0.22893884654726224,-1.4583282131332627,2019-07-27
208,30670.243055555555,31509082.546989933,0.19689944648833546,-1.459807376095553,2019-07-28
209,31386.868055555555,28774750.03827913,0.11418889871448812,-1.3742406360780144,2019-07-29
210,30518.628472222223,21506334.49911682,0.11479132810945737,-1.3788324539131334,2019-07-30
211,30638.034722222223,24459374.8350271,0.18891975171447958,-1.3656649856005953,2019-07-31
212,30851.003472222223,25507671.5086987,0.17790807027173497,-1.3830108154364809,2019-08-01
213,30809.42361111111,28784096.893099107,0.20119138617169965,-1.4031320084986278,2019-08-02
214,29539.871527777777,26123467.596677795,0.26610413793694454,-1.4539365434498985,2019-08-03
215,28720.520833333332,28734666.389808364,0.33895394971157494,-1.4122832665454501,2019-08-04
216,31639.84375,37534423.7768946,0.08500492446232334,-1.4463714765473472,2019-08-05
217,32149.461805555555,34580778.89749081,0.18306641422168018,-1.3876651748802094,2019-08-06
218,30892.770833333332,21167597.842770036,0.1315193422941955,-1.3026363459072539,2019-08-07
219,29380.774305555555,17337054.454111014,0.12190916271615687,-1.3142556364079736,2019-08-08
220,28596.819444444445,16679558.39934185,0.11691612181548584,-1.2877093580729442,2019-08-09
221,26513.819444444445,11372821.639759969,0.3568487183792125,-1.3342258413504118,2019-08-10
222,25709.722222222223,17131864.319783196,0.5298855048577439,-1.2767131746032245,2019-08-11
223,29666.947916666668,31239837.819577526,0.11546489502409177,-1.349061736805608,2019-08-12
224,31273.92361111111,37240299.99414441,0.18459132852177787,-1.4092825691872772,2019-08-13
225,33009.149305555555,49187400.08564411,0.19268288237177034,-1.4353402665420518,2019-08-14
226,33506.54861111111,46710507.53769841,0.18631544825546614,-1.4312132484686706,2019-08-15
227,32158.975694444445,30181840.386166763,0.16749127987380136,-1.353388266865668,2019-08-16
228,27441.722222222223,12148941.309330236,0.4001719565451025,-1.2734781523641308,2019-08-17
229,25529.434027777777,15047400.61584156,0.6149286314696645,-1.1837238349515569,2019-08-18
230,28492.993055555555,22411454.480787847,0.13835222509782713,-1.23657416124454,2019-08-19
231,29409.45138888889,24352135.314701896,0.2051391394100213,-1.2799965096364416,2019-08-20
232,30746.697916666668,36987898.1627831,0.23300498003899384,-1.3765366961485728,2019-08-21
233,31210.034722222223,28084367.775793646,0.14778415858209673,-1.339647409575793,2019-08-22
234,30580.618055555555,24723559.909359273,0.12690022154993566,-1.2949756254534701,2019-08-23
235,29669.73263888889,27507063.464854337,0.28703352076730354,-1.4313382905512626,2019-08-24
236,29803.527777777777,36029810.99574139,0.3062060953575291,-1.472323514323303,2019-08-25
237,33287.54861111111,46094762.359998055,0.07888329827374468,-1.4047263643288324,2019-08-26
238,33433.53125,37909702.389263935,0.13941142491581382,-1.4046941700982942,2019-08-27
239,32061.559027777777,25530272.89545829,0.1330165136123139,-1.3141514563688683,2019-08-28
240,32233.395833333332,31812316.720818814,0.14853949114812703,-1.320153195471563,2019-08-29
241,32162.04513888889,31716972.997955382,0.1613782694857074,-1.3282631282560593,2019-08-30
242,30081.722222222223,31403604.291908637,0.3439316612777862,-1.4010033011451613,2019-08-31
243,29360.90625,31141547.492922474,0.28867360504276324,-1.4558670561658442,2019-09-01
244,31028.98263888889,39067367.02757211,0.20902411755528383,-1.5325625741950706,2019-09-02
245,33902.59375,44817025.7681838,0.03032251534859596,-1.3962304514784099,2019-09-03
246,34321.04513888889,40770618.62164876,0.02031502999148984,-1.4630105734748857,2019-09-04
247,33882.819444444445,31251093.800038714,-0.004056505490530716,-1.3836434089876282,2019-09-05
248,32906.62847222222,29964983.572287556,0.08648100779227638,-1.3563688443270105,2019-09-06
249,28941.600694444445,14032926.254633665,0.14848548301541437,-1.42312687999892,2019-09-07
250,25182.020833333332,11531108.431620209,0.6277169806260317,-1.126357894696185,2019-09-08
251,27763.86111111111,16214650.370886566,-0.017698012071809224,-1.1775784290902271,2019-09-09
252,27213.4375,8567216.226045296,-0.07259375436570584,-1.0149852902579704,2019-09-10
253,27635.42361111111,14863137.011566008,0.1542704329720239,-1.1616855560096317,2019-09-11
254,29932.29513888889,32323889.67914005,0.25925668916970096,-1.286302669500532,2019-09-12
255,31909.98263888889,42270960.31677071,0.2151144562560957,-1.3436067242319227,2019-09-13
256,30072.190972222223,34092983.49998791,0.31885214218921404,-1.3850665096900003,2019-09-14
257,27091.177083333332,17016358.53647648,0.31554864224386003,-1.458769818246237,2019-09-15
258,28075.930555555555,12958381.14498645,-0.26671104369455645,-1.2017075543235956,2019-09-16
259,27249.072916666668,12432148.980727352,0.10492353420893118,-1.1335867183044988,2019-09-17
260,27299.815972222223,11241491.37019696,-0.09677209364754621,-1.160335868042914,2019-09-18
261,26501.336805555555,8007453.694529131,-0.1228793797789265,-0.9652351952977991,2019-09-19
262,26509.65625,10064336.999891115,0.027935689100448236,-1.0953290495736523,2019-09-20
263,25619.833333333332,13945312.020905923,0.5220327228378445,-1.2298258477577229,2019-09-21
264,25483.67013888889,18196187.148652244,0.4784595402913231,-1.2797368380818648,2019-09-22
265,28363.961805555555,20092353.02641067,-0.11735201605192666,-1.3716979659973463,2019-09-23
266,29937.53125,32886457.810866725,0.1456809582735101,-1.4502097816458142,2019-09-24
267,30896.51388888889,31074993.804684475,0.03851290251323527,-1.4043576355375749,2019-09-25
268,29119.333333333332,11697207.142857144,-0.2831377179317614,-1.1955076477618174,2019-09-26
269,27021.45138888889,5973379.865224546,-0.6689208970359062,-1.0037832421175685,2019-09-27
270,23246.29861111111,2180690.363482385,0.597999991501099,-0.1654792772053142,2019-09-28
271,21315.572916666668,4502708.266441638,1.0824809212686448,-0.21752815362750644,2019-09-29
272,23340.055555555555,6254339.530003872,0.012127238979751858,-0.6844290607748995,2019-09-30
273,22730.527777777777,2025496.2361595044,-0.5501465019406818,-0.3246926257193796,2019-10-01
274,23662.100694444445,13972043.212821817,-2.922281133642105,18.21828394985522,2019-10-02
275,24254.815972222223,5860274.366712641,-0.02397332160130676,-0.8144510324229222,2019-10-03
276,23832.895833333332,5288718.6371951215,-0.15980606930273863,-0.8074953595987808,2019-10-04
277,22392.20138888889,5116048.3495451035,0.7925858424048537,-0.7226866068885296,2019-10-05
278,22276.708333333332,11133532.12369338,0.7593335611274511,-0.9869398245377901,2019-10-06
279,25760.979166666668,16254821.12151568,0.020495565415301314,-1.1445410791248616,2019-10-07
280,25727.340277777777,11635476.45523616,0.04144790301457689,-1.0995545347984579,2019-10-08
281,23908.121527777777,5772545.507827624,-0.10650064063964762,-0.8154304948906383,2019-10-09
282,23689.76388888889,6626311.588656601,-0.010321694172655469,-0.86060599489474,2019-10-10
283,24087.70486111111,6825580.515376984,-0.09855709583074067,-0.9208967487020758,2019-10-11
284,22232.003472222223,4551079.341451316,0.746725431895059,-0.7352342045927833,2019-10-12
285,21218.197916666668,5326973.441528746,0.9303573252407982,-0.5575493410382131,2019-10-13
286,23493.79513888889,8201949.208756774,-0.20850533309498456,-0.8754564383001853,2019-10-14
287,24446.166666666668,9182195.038327526,0.00744460244424857,-0.955710017298828,2019-10-15
288,25158.052083333332,10044032.976371953,-0.23096069076030712,-1.1244278546759046,2019-10-16
289,24284.809027777777,5905713.54876839,-0.2551393082677391,-0.8449979450218597,2019-10-17
290,23743.180555555555,5019354.657181572,-0.4092152486617854,-0.8244454030214805,2019-10-18
291,22021.45138888889,3560431.6561653116,0.5758967152187435,-0.5775858365310071,2019-10-19
292,21553.10763888889,6676211.831579074,0.8753390950375644,-0.6857554400753019,2019-10-20
293,25278.815972222223,14926802.88239208,-0.1503285090240751,-1.105334200125514,2019-10-21
294,26485.072916666668,16431272.08874129,0.01624335528961854,-1.2223290397004087,2019-10-22
295,26412.274305555555,13636091.105678957,-0.03832724318571011,-1.1876543772104764,2019-10-23
296,26963.14236111111,16747089.571997194,0.04533161616425313,-1.209387020944938,2019-10-24
297,26680.4375,14609869.780052265,0.032970457719474947,-1.148405063182447,2019-10-25
298,23091.840277777777,6239728.95697832,0.5384290835090999,-0.9426394402843492,2019-10-26
299,19801.239583333332,3736922.816964286,1.0011816131045304,-0.40800000466142894,2019-10-27
300,22332.684027777777,7951466.0844826745,-0.08059386222963054,-0.816841065741436,2019-10-28
301,22814.284722222223,5953043.235723965,-0.1267207139887443,-0.7841312821871131,2019-10-29
302,23027.71875,5230426.579159408,0.14373900400702969,-0.8310667943730761,2019-10-30
303,23308.961805555555,4535097.848710318,-0.2894415643542466,-1.0556334065862902,2019-10-31
304,23546.5625,4864767.947299652,-0.2509557297323949,-0.9700471926365952,2019-11-01
305,21730.100694444445,2939068.92710753,0.6675487890568642,-0.5063407659608021,2019-11-02
306,20914.28125,5684461.6802047035,0.8956086123425722,-0.5984855814255754,2019-11-03
307,23574.75,9184461.581881532,-0.10126081685765784,-0.9209776012869244,2019-11-04
308,24014.440972222223,7794383.222984417,-0.025619954234175447,-0.9605104362811061,2019-11-05
309,24099.57986111111,7058302.2793142665,-0.06089288917472005,-0.8951864854519203,2019-11-06
310,24257.5,7434547.93728223,-0.04541986271564751,-0.9235853441721646,2019-11-07
311,24325.60763888889,7489494.559802072,-0.11283838588925324,-0.950998745838382,2019-11-08
312,22526.961805555555,4863502.643135405,0.6132428978338517,-0.8556450276992735,2019-11-09
313,21179.496527777777,5441141.073158633,0.8623115132534934,-0.714717298284195,2019-11-10
314,23133.57638888889,8034209.764179249,0.1315411146694937,-0.9419717134612751,2019-11-11
315,23593.96875,7060498.107033972,-0.011868012272393865,-0.9413790115986709,2019-11-12
316,23425.10763888889,6549974.465725416,-0.0697760129097573,-0.8860464653659084,2019-11-13
317,23413.194444444445,6497541.982965544,-0.06180355145320372,-0.8358851714770705,2019-11-14
318,23060.309027777777,5147373.858872918,-0.0458118630889993,-0.7968110697577999,2019-11-15
319,21344.64236111111,4169165.2688613045,0.8091799747844084,-0.6565549891220424,2019-11-16
320,21570.690972222223,7325719.545284068,0.7693880842195736,-0.8655095807493982,2019-11-17
321,24268.177083333332,11342958.411040941,-0.21327239437549234,-1.0718356980724897,2019-11-18
322,24187.11111111111,7596372.879597368,-0.26587769944644596,-0.8936813517185174,2019-11-19
323,24056.059027777777,6736511.874552362,-0.30438096404312626,-0.8378562471776378,2019-11-20
324,23791.15625,6024824.16016986,0.015327194739958454,-0.8161144069104171,2019-11-21
325,23618.347222222223,5049452.861595044,0.09364035216708332,-0.8208050256631036,2019-11-22
326,21844.430555555555,3752483.39585753,0.8874069071772286,-0.544340171585286,2019-11-23
327,21166.57986111111,4974153.875133081,0.9620502906588191,-0.5460286248591633,2019-11-24
328,23321.29513888889,7427109.978791618,0.08992782307792951,-0.8324801448622514,2019-11-25
329,24370.01736111111,6845656.463112175,-0.06432895339295755,-0.8305526488440433,2019-11-26
330,24523.625,6683235.141114983,-0.3952728041758758,-0.8448741489558236,2019-11-27
331,22838.34375,2702804.4842116726,-0.5945191882319414,-1.126006818400276,2019-11-28
332,22470.211805555555,5459533.665783488,0.720882628879294,-0.8478975040361609,2019-11-29
333,23214.434027777777,4822560.713402536,0.31353655393021285,-0.9603197268055794,2019-11-30
334,22550.628472222223,5734242.875423442,0.6554056395531965,-0.718947078364669,2019-12-01
335,24297.39236111111,8229440.761892664,-0.21429467600246846,-0.8383322204742392,2019-12-02
336,24772.26736111111,7550317.917816009,-0.3010186728730709,-0.8854112891779744,2019-12-03
337,25161.88888888889,9217769.70886566,-0.5648658397943737,-1.0385879386377077,2019-12-04
338,24233.652777777777,6791358.819783199,0.031401505192791515,-0.8414318788595727,2019-12-05
339,24189.51388888889,6607560.355207124,-0.12924845464085163,-0.9074416659253854,2019-12-06
340,22994.086805555555,4595040.616131919,0.08708015107086577,-0.9019294889214757,2019-12-07
341,21944.5,6308250.404181184,0.7602779841276679,-0.6463307463993546,2019-12-08
342,24105.54513888889,8959022.29760695,-0.012409960784162241,-0.8337574908923111,2019-12-09
343,24689.666666666668,7233658.689895471,0.017468662908949176,-0.8601214999069189,2019-12-10
344,24891.79861111111,7383351.569057298,-0.1278188911612995,-0.7958498683963136,2019-12-11
345,24390.0625,6405929.989111498,0.04396055023873719,-0.9211446796177167,2019-12-12
346,24210.29861111111,6291142.314701897,-0.16484382883683343,-0.7555332208189545,2019-12-13
347,22537.96875,4781619.619229094,0.5926929515508407,-0.7055990772323844,2019-12-14
348,21941.159722222223,8470517.13816299,0.8815830027946625,-0.7561567720010398,2019-12-15
349,24873.770833333332,9487501.975174217,0.31303999682801653,-1.0595508855100892,2019-12-16
350,25519.65625,7439915.2925740415,0.17882807258932,-0.9707212753337884,2019-12-17
351,25788.29513888889,7437343.212241096,-0.15938192877659374,-0.9270164499669442,2019-12-18
352,25104.5625,6515359.926393728,0.2960673268364658,-1.120277598749476,2019-12-19
353,24618.059027777777,5388089.860615079,0.1927258065811844,-1.0798554100793414,2019-12-20
354,23355.663194444445,4257892.6352956835,0.5275439266939137,-0.6881561197674184,2019-12-21
355,22948.3125,5243328.208623693,0.5192580510754372,-0.7332218949865954,2019-12-22
356,24981.260416666668,8237062.09570993,-0.47728916723608855,-0.9392224762043955,2019-12-23
357,23222.854166666668,3121083.3166376306,0.37112509629128504,-0.5846657722280151,2019-12-24
358,21970.684027777777,3570945.415493128,0.7806890683798241,-0.7996695841906298,2019-12-25
359,24358.14236111111,8083100.624262002,0.014924532284571688,-0.8432625976787795,2019-12-26
360,23928.70138888889,5777451.018534649,0.5222278059830167,-1.0362776872765338,2019-12-27
361,22565.59375,5335073.8378702095,0.6562909019486258,-0.8113808043750406,2019-12-28
362,22569.208333333332,5149344.68815331,0.9262961848472722,-0.5548363124470779,2019-12-29
363,23799.03125,6850918.448497387,0.14106639680622138,-0.8075501355114656,2019-12-30
364,22628.35763888889,3806401.9308822104,0.6620743459000011,-0.5189990599766157,2019-12-31
365,20674.815972222223,4730576.575771874,0.7447640987439971,-0.5962400019777565,2020-01-01
366,22832.604166666668,7099912.553571428,0.14950133713428593,-0.8557890913328161,2020-01-02
367,23016.76736111111,5031316.659976286,0.2659858791311906,-0.9248617528573404,2020-01-03
368,21478.958333333332,4108849.2108013937,0.7534061621086433,-0.7228482215331598,2020-01-04
369,21116.993055555555,5778334.111449865,0.939443592663854,-0.5642660124036607,2020-01-05
370,23124.95138888889,6729343.865224544,0.16891880421563657,-0.9990758414599048,2020-01-06
371,23587.98263888889,6378146.846387437,-0.006736108584053323,-0.9228488910004562,2020-01-07
372,23687.29861111111,6315404.405294231,-0.20797089860578583,-0.9769376673494121,2020-01-08
373,23866.371527777777,6610085.809221351,-0.21532505004770397,-0.8434042507660098,2020-01-09
374,23406.65625,5388797.857033972,0.228635576797344,-1.3039661657616417,2020-01-10
375,21477.534722222223,4108098.1311943475,0.6902772337138474,-0.7294331060869226,2020-01-11
376,21124.180555555555,5615269.6049167635,0.9419372586948254,-0.4805160435850606,2020-01-12
377,23381.48263888889,7885577.999697541,0.04750287161303635,-0.9769949744790067,2020-01-13
378,23574.26388888889,6758510.048586915,0.23309535161348469,-1.047392932548017,2020-01-14
379,23994.041666666668,6812384.8066202095,0.15575360778279687,-1.1335262481143307,2020-01-15
380,24834.038194444445,6842638.531637147,-0.25043579422293033,-0.8604865263991801,2020-01-16
381,24066.8125,5320812.229529616,0.07104442381572389,-1.1255836212962713,2020-01-17
382,22307.14236111111,3346922.8890703637,0.6089066768600109,-0.8129330093472946,2020-01-18
383,21965.444444444445,3545277.502129307,0.876483817005952,-0.49069215208048034,2020-01-19
384,24072.559027777777,8261788.421590689,-0.4414618242137913,-0.9635917204930053,2020-01-20
385,24120.555555555555,6748083.3557878435,-0.2914398677982374,-0.8289501047445276,2020-01-21
386,23339.378472222223,5577216.98866386,0.21851796234862636,-1.0281999232347014,2020-01-22
387,23589.9375,5342896.30966899,0.016375960579570942,-0.9914516130007498,2020-01-23
388,23204.177083333332,4721069.59570993,-0.0913787331117254,-0.9140820954598188,2020-01-24
389,21342.878472222223,3746704.915493128,0.7518197743633869,-0.5789207673102794,2020-01-25
390,21019.88888888889,4719294.4057297725,0.9725391657493522,-0.389106662921332,2020-01-26
391,23254.54861111111,6765459.447106078,0.02268593665422806,-0.865247910568832,2020-01-27
392,23558.184027777777,5605959.892845045,0.2339692041547769,-0.9532413633190506,2020-01-28
393,23795.8125,5885502.99608014,0.23344105642640176,-1.0619641631041825,2020-01-29
394,23718.006944444445,5278969.64455091,0.19719983146652048,-1.006612655809708,2020-01-30
395,23276.565972222223,4374775.939883372,0.26923770499724753,-1.1255636437115006,2020-01-31
396,21333.42013888889,4284394.871648761,0.7344307699873834,-0.6064344888980355,2020-02-01
397,20706.916666666668,4937224.397212543,0.848101312690646,-0.6575840463491525,2020-02-02
398,23783.850694444445,9033370.169267807,0.37163473473083164,-1.0400380534357232,2020-02-03
399,24690.059027777777,7518508.815318911,0.47301333876693613,-1.2518235638158977,2020-02-04
400,24773.597222222223,5704276.568912118,0.40296718565590006,-1.3369393855902882,2020-02-05
401,23982.993055555555,5191078.571380178,0.4153315548349193,-1.29246364923308,2020-02-06
402,23569.739583333332,4659301.40581446,0.3559922124917457,-1.2781959999209032,2020-02-07
403,21600.496527777777,4367802.459918215,0.43914652802499826,-0.7028646271746744,2020-02-08
404,21522.114583333332,5301298.854420732,0.9955090864016117,-0.4593288618936975,2020-02-09
405,23865.663194444445,6371366.607421119,0.18179552655392878,-1.0107000074309145,2020-02-10
406,23731.555555555555,5507960.282617112,0.4550953349750087,-1.0577091052241367,2020-02-11
407,23451.208333333332,5618021.322299652,0.44326711347649933,-1.120636601992673,2020-02-12
408,23654.059027777777,5293078.933785811,0.42797623081948744,-1.0939037367965219,2020-02-13
409,23260.42013888889,4099938.746213221,0.3723888845317675,-1.2531080775360701,2020-02-14
410,21172.39236111111,4202295.319383953,0.3742903044273131,-0.7193419028396071,2020-02-15
411,20102.833333333332,5916263.149825784,0.554878229689618,-0.6792440453781459,2020-02-16
412,21915.895833333332,6500655.4316202095,0.8131644797008379,-0.5182494711777923,2020-02-17
413,23181.284722222223,5763052.83851142,0.3529492774100856,-0.8731528718370587,2020-02-18
414,23229.590277777777,5791179.232239643,0.47045153735797013,-0.9714072635619586,2020-02-19
415,23168.92013888889,5128148.164331688,0.49023956967468496,-0.8058007465285595,2020-02-20
416,23212.604166666668,4479761.884581882,0.14619889960140683,-0.7949033948454791,2020-02-21
417,21344.246527777777,3265781.1201969613,0.9573145190503759,-0.2205755616818439,2020-02-22
418,20219.409722222223,5889975.88729191,0.9391467096439263,-0.35397551163187346,2020-02-23
419,22687.097222222223,6594053.39818041,0.3400749338058859,-0.8385053012879014,2020-02-24
420,23032.98611111111,5330954.647890051,0.5478213486166893,-0.7486148090897857,2020-02-25
421,23043.131944444445,5651440.170683314,0.3219549368082598,-0.8482398387204917,2020-02-26
422,23406.211805555555,5605232.543832269,0.17426777522823506,-0.7938769724070123,2020-02-27
423,23385.48611111111,4904409.275067749,-0.10821974870996962,-0.8276867807931345,2020-02-28
424,20616.958333333332,4313666.8066202095,0.768012259412559,-0.39944341487737356,2020-02-29
425,20798.15625,5808297.65145906,1.056823278712962,-0.3723725730949923,2020-03-01
426,23066.14236111111,6635411.098129598,0.4108109606919089,-0.7989027423582065,2020-03-02
427,23308.552083333332,5032085.181946864,0.5615935806576303,-0.7121134134105778,2020-03-03
428,23276.6875,5304185.093641115,0.5146286950986487,-0.7225203109936564,2020-03-04
429,23383.159722222223,5572306.064992256,0.4126745527048858,-0.6906312856270533,2020-03-05
430,23035.291666666668,4273792.778745645,0.3996797290892915,-0.6722796844478123,2020-03-06
431,21427.979166666668,3126396.0344076655,0.8915229280981701,-0.3589486451083692,2020-03-07
432,19576.038194444445,21403165.38878,-2.9631439233002976,10.917299841507225,2020-03-08
433,23120.697916666668,5838688.330030488,-0.0003787091488669262,-1.0888950119789604,2020-03-09
434,23747.284722222223,4840332.02318041,-0.3977237143115669,-0.8281109475804849,2020-03-10
435,23198.152777777777,4788960.129887727,0.24067499818815544,-0.956533069398517,2020-03-11
436,23872.54513888889,5640387.733147019,-0.5702640639032706,-0.7285227358151531,2020-03-12
437,23454.572916666668,4150276.3640026134,-0.30344775246836486,-0.9187316307433324,2020-03-13
438,21748.54861111111,2606513.691008517,0.7133844590453785,-0.051734268822590135,2020-03-14
439,20805.965277777777,3450999.4412988774,1.1289860969344971,0.12575309203958485,2020-03-15
440,23569.32986111111,6489464.075481514,-0.6602790917578246,-0.7877485314689863,2020-03-16
441,22756.6875,3822555.0587979094,0.4099164572842242,-0.7936094644266345,2020-03-17
442,23397.197916666668,3347879.880553136,-0.0989123759916411,-1.1942295314943014,2020-03-18
443,22734.475694444445,3296854.445400213,0.34903760599336736,-0.8808977574295396,2020-03-19
444,21700.878472222223,3047038.0235070656,0.656296452653656,-0.7177080513036445,2020-03-20
445,20270.100694444445,3217470.843483837,0.7850476403725234,-0.25824911447217014,2020-03-21
446,19520.13888888889,4546873.074719319,0.6663309494084771,-0.5301216266975901,2020-03-22
447,21107.38888888889,3604887.820363918,0.48766754548306296,-0.5495520543794283,2020-03-23
448,21498.447916666668,3043144.7011106275,0.22065846009364912,-0.51061087374603,2020-03-24
449,21132.95486111111,3594946.1059693187,0.5809188875552623,-0.6167416310577098,2020-03-25
450,20977.628472222223,4363884.17855933,0.6221566670633583,-0.8438996808238741,2020-03-26
451,20798.159722222223,3826210.685201316,0.384346078479428,-0.9658492489603168,2020-03-27
452,19895.385416666668,2758800.579159408,1.0200015450109219,0.018005166423233465,2020-03-28
453,18940.930555555555,3846358.232094464,1.1056834627520844,0.10452542328338721,2020-03-29
454,20489.628472222223,3831505.899813685,0.6600539446816707,-0.6673929955296876,2020-03-30
455,20712.211805555555,3087058.6413932443,0.6616222928342841,-0.5449612221670264,2020-03-31
456,20207.649305555555,4483957.61526084,0.7082632788550294,-0.5832887842030505,2020-04-01
457,20277.197916666668,3920830.8770688153,0.5608225851421723,-0.7859520426738551,2020-04-02
458,19935.871527777777,4075861.4085244867,0.5559747030075102,-0.7396244255508,2020-04-03
459,19514.364583333332,3034060.769054878,1.1111545981823079,0.04320471294857153,2020-04-04
460,19671.753472222223,3179323.6010331977,0.7085598348392442,-0.4219879860960001,2020-04-05
461,21538.909722222223,4459543.984852884,-0.29876559267447855,-0.6940277884853203,2020-04-06
462,21131.440972222223,3102793.1672352883,0.5991159005937899,-0.6223455220259448,2020-04-07
463,21175.041666666668,3083605.036585366,0.32096873584697594,-0.6582871447279368,2020-04-08
464,21793.45138888889,3151755.4122628723,-0.4612038541436763,-0.7740742347407954,2020-04-09
465,20547.822916666668,2310337.3657447733,0.5570105445158223,-0.24617298257396092,2020-04-10
466,18422.559027777777,4203082.4912771005,0.5791600014272412,-0.41286905908755145,2020-04-11
467,18394.041666666668,3323796.1655052267,1.1905337563901075,-0.019481634928276037,2020-04-12
468,19993.496527777777,3294355.0243781456,0.5982846077682704,-0.21208411043687603,2020-04-13
469,19945.871527777777,4410225.5827405155,0.7874078248494968,-0.4947474059379364,2020-04-14
470,20140.871527777777,3814685.8963293647,0.9568810797656189,-0.29018785194768526,2020-04-15
471,20080.729166666668,4042575.020470383,0.939267119274047,-0.2714413615267941,2020-04-16
472,20359.993055555555,2599158.6131920246,0.6652035791919038,-0.34544952394364214,2020-04-17
473,19264.98611111111,2588246.6827332564,1.1544875951101778,0.07738154804322539,2020-04-18
474,18136.746527777777,4497734.336224836,0.8213575803803663,-0.288112941769453,2020-04-19
475,20304.979166666668,3324372.0135017424,0.19496099441906337,-0.5212405648410599,2020-04-20
476,19999.458333333332,3806989.4895470375,0.9466430940218223,-0.21118002290097637,2020-04-21
477,21034.13888888889,5828306.935346496,0.9096415658606704,-0.548920120364421,2020-04-22
478,22080.48263888889,7600838.062415312,0.743488384333379,-0.8293071761112003,2020-04-23
479,23589.246527777777,14646930.688141212,0.5114006968224162,-1.2281685031734342,2020-04-24
480,22892.979166666668,13605815.135452962,0.5617816479801889,-1.2130029593271467,2020-04-25
481,21193.256944444445,10522576.323993418,0.5773945532663923,-1.1374458483108736,2020-04-26
482,22547.461805555555,9754827.057769552,0.5766936937835826,-1.0116845153868192,2020-04-27
483,24176.875,13503104.102787456,0.5227314790638364,-1.2383902004961223,2020-04-28
484,23957.23263888889,6816359.99098674,0.2681363163762598,-1.261448385456214,2020-04-29
485,22867.725694444445,6175518.192786972,0.7970657644771155,-0.8166820765303195,2020-04-30
486,22278.809027777777,4835056.189883373,0.8468883186638355,-0.640379609044444,2020-05-01
487,20792.59375,5697054.207208188,0.8022137658940078,-0.7355379654252556,2020-05-02
488,19573.305555555555,7449897.460317461,0.5818830548976163,-0.8577219207869873,2020-05-03
489,22294.48611111111,9578215.783778552,0.6186935452605429,-0.9846303157900294,2020-05-04
490,23942.26388888889,12740582.376113048,0.510790471013818,-1.1907759721647297,2020-05-05
491,24758.430555555555,14816620.810491677,0.544856635240476,-1.1810249792842253,2020-05-06
492,25538.930555555555,18146681.681571815,0.3804429069841748,-1.3376488703171,2020-05-07
493,25612.722222222223,14922368.95392954,0.3982191062321039,-1.3355927765393136,2020-05-08
494,23277.48263888889,9857123.748826463,0.6210400415914287,-1.144615547618289,2020-05-09
495,21166.45138888889,5738085.997628726,0.7791193887653939,-0.8806514454107419,2020-05-10
496,22470.552083333332,5931196.735953833,0.40742937783661504,-0.9209670510675743,2020-05-11
497,22131.48263888889,3337860.7383735,0.7155121412129283,-0.29021925719224173,2020-05-12
498,21987.840277777777,3644962.873354626,0.8625907606596733,-0.2664398653841067,2020-05-13
499,22123.67361111111,4340143.300764614,0.8293319116001373,-0.45798136665082056,2020-05-14
500,22277.54513888889,5368014.290638309,0.8838249107505393,-0.7310344067379,2020-05-15
501,21773.98263888889,7690363.612937959,0.7016103957086062,-1.080191049276375,2020-05-16
502,20922.180555555555,6345948.824428959,0.6295963996391905,-1.0847683822141303,2020-05-17
503,21894.552083333332,2958488.1018074914,0.39026782004887933,-0.36472842578778364,2020-05-18
504,21068.51736111111,3525502.529314266,1.0997943038882687,-0.0487510851443016,2020-05-19
505,21438.89236111111,4763985.685237612,1.0024741853266492,-0.3959936450748982,2020-05-20
506,22700.833333333332,8254751.756097561,0.7065990169502167,-0.9823289151914429,2020-05-21
507,22278.57638888889,4414619.346060782,0.8350657749828315,-0.6693226444149611,2020-05-22
508,20608.739583333332,6282954.876197735,0.6935571992492716,-0.8825711250119141,2020-05-23
509,20787.434027777777,11940856.532217866,0.5997378621803093,-1.1050238646421802,2020-05-24
510,24078.020833333332,24883738.93336237,0.518134401828731,-1.3450503307586725,2020-05-25
511,28667.690972222223,34684329.23169522,0.20267232305496516,-1.4780424345879113,2020-05-26
512,29518.288194444445,28226900.268570945,0.22084896941742985,-1.4533648509648935,2020-05-27
513,28181.09375,19063214.33612805,0.31973669717101466,-1.3660535862007632,2020-05-28
514,25953.194444444445,5575778.888888889,-0.05524659639621973,-1.2492698725978717,2020-05-29
515,22554.260416666668,3658310.402330139,0.6912150003956917,-1.0261943750186,2020-05-30
516,21668.38888888889,7460409.430120015,0.5943316726646779,-1.1432128710875127,2020-05-31
517,24855.479166666668,11254523.323606271,0.13566414612930672,-1.3524730552801425,2020-06-01
518,27139.760416666668,20512207.52776568,0.19525644755468294,-1.4658481930249807,2020-06-02
519,30276.802083333332,38099263.762086235,0.22179533157505196,-1.4807007201792226,2020-06-03
520,29076.868055555555,19959412.393679827,0.18750376609548985,-1.4082887113906382,2020-06-04
521,24731.503472222223,1584745.421590689,-0.22831179493705864,-0.5069825363897462,2020-06-05
522,21501.6875,3398831.8044425086,0.9202735198149498,-0.49624549793243,2020-06-06
523,19986.76388888889,6694437.386566008,0.5638147809351792,-0.9189921675380268,2020-06-07
524,23274.104166666668,9826003.933362368,0.7201927332081972,-0.9392668166893299,2020-06-08
525,26704.427083333332,24491285.081772648,0.4336758384530941,-1.321864640162788,2020-06-09
526,29273.305555555555,35704337.36972512,0.3049345922865032,-1.435264451989277,2020-06-10
527,29006.305555555555,25205665.209446378,0.25615519765722883,-1.4332398984177221,2020-06-11
528,25424.253472222223,4606935.813576752,0.15579066422377413,-1.1840943097585543,2020-06-12
529,22249.215277777777,5448816.761856369,0.7557301432658423,-0.9101966508344206,2020-06-13
530,21979.163194444445,11792490.757246904,0.6733142837011629,-1.078165494950364,2020-06-14
531,25417.253472222223,12286533.74389034,0.10232295284420605,-1.3063383258118317,2020-06-15
532,24661.01736111111,6516839.954401374,0.6179412974653397,-0.8932640108023007,2020-06-16
533,25136.225694444445,9082765.485469898,0.6109073064776512,-0.8997065753855984,2020-06-17
534,26103.65625,12636117.620100174,0.4296642563868708,-1.1069680203600702,2020-06-18
535,26426.069444444445,11956894.866240803,0.39596213331152424,-1.2266189211317666,2020-06-19
536,24661.663194444445,9085092.948884532,0.6765815429208267,-1.0270067756577164,2020-06-20
537,24202.51388888889,14168055.818621758,0.5771181384797119,-1.2244897630016516,2020-06-21
538,27859.40625,25460524.64623258,0.25099971638059354,-1.369832172866138,2020-06-22
539,28828.57986111111,22217494.753181864,0.31430268142821843,-1.3500603847181818,2020-06-23
540,29001.725694444445,21796455.481985576,0.29246988847128413,-1.3579471362430118,2020-06-24
541,28613.319444444445,18079407.1031746,0.2998742231979758,-1.2793060755548962,2020-06-25
542,28846.649305555555,21920748.25637582,0.2555756303454574,-1.4179138773699285,2020-06-26
543,27005.947916666668,13848638.356162893,0.38605729834385827,-1.2871844584872,2020-06-27
544,22863.083333333332,5287043.1010452965,0.6548518493745215,-1.090294129626154,2020-06-28
545,24604.395833333332,9259052.107578397,0.38375388435068536,-1.0392849364165908,2020-06-29
546,26280.67013888889,14859525.970951898,0.3997589365121892,-1.2386229240980147,2020-06-30
547,26433.21875,11226582.979856271,0.415078875876516,-1.0940202241571182,2020-07-01
548,26016.09375,10901241.081772648,0.5117524647810116,-1.097238014120142,2020-07-02
549,25474.243055555555,18051142.226432443,0.5769214883618282,-1.2410170547445964,2020-07-03
550,25773.899305555555,20940915.68668941,0.3810356967100905,-1.362863151584259,2020-07-04
551,26380.520833333332,31305019.100609757,0.3981321815269012,-1.355158662469044,2020-07-05
552,28609.73611111111,28895320.59214092,0.24175776320899062,-1.3883234660302826,2020-07-06
553,28452.677083333332,22050850.073061846,0.3548732785963258,-1.307289253513,2020-07-07
554,28595.256944444445,22484529.229916763,0.3583248433665064,-1.3237112902260617,2020-07-08
555,29295.850694444445,29285933.409685925,0.36885436387644044,-1.3552958281915832,2020-07-09
556,30831.072916666668,37668927.998148955,0.27832844329453976,-1.4560737907118502,2020-07-10
557,31212.315972222223,42399000.50956978,0.23637615483308227,-1.483092693175426,2020-07-11
558,30644.0625,45042454.79050522,0.2501324115066189,-1.4463563996928064,2020-07-12
559,31485.70138888889,28841846.593447544,0.15735344436229307,-1.3865674340499656,2020-07-13
560,29430.059027777777,20539021.04528407,0.30394039835638914,-1.308344752447801,2020-07-14
561,28856.23611111111,18761205.553813394,0.3888579240659485,-1.2922756671751328,2020-07-15
562,28681.041666666668,19093397.44773519,0.3425982551111792,-1.3144614649203124,2020-07-16
563,28799.215277777777,19387327.340253577,0.309274571818345,-1.3200776157135308,2020-07-17
564,27737.350694444445,23192301.22501694,0.47649912997125704,-1.2794028846668553,2020-07-18
565,26524.28125,19924618.809124563,0.43219465861523454,-1.304668716153294,2020-07-19
566,28421.621527777777,21007786.514796264,0.25866307090393,-1.306530334539062,2020-07-20
567,28716.73611111111,18754865.32384824,0.281147884342978,-1.3446573494971987,2020-07-21
568,27656.510416666668,12822449.930204704,0.3650945230307725,-1.1846006078130462,2020-07-22
569,26974.618055555555,12699363.553958576,0.498510195882871,-1.055625939311979,2020-07-23
570,27171.284722222223,13630597.012727449,0.3862400233166381,-1.2231727033335165,2020-07-24
571,26181.270833333332,17804944.769599304,0.541743530274328,-1.2568157613627575,2020-07-25
572,26126.743055555555,24689117.438975997,0.4534381416972402,-1.3346961716823804,2020-07-26
573,28637.125,23170216.70209059,0.27681351013175626,-1.2964122591387557,2020-07-27
574,28927.53125,24039443.85964721,0.38109577736929595,-1.2990760565489037,2020-07-28
575,29273.586805555555,25346751.476759095,0.36756772973446256,-1.3326891593013692,2020-07-29
576,30165.73611111111,32178435.114789005,0.347893780235164,-1.364613101893835,2020-07-30
577,31202.913194444445,34001515.78686363,0.22212722713293775,-1.428386061046543,2020-07-31
578,28734.034722222223,25599040.37509679,0.374010877511228,-1.3419085535873878,2020-08-01
579,27276.46875,27220382.48682491,0.3860556866415712,-1.3510031953986839,2020-08-02
580,30103.635416666668,33545163.096581012,0.1708423679379715,-1.4339990954097575,2020-08-03
581,29015.76736111111,17997033.196561653,0.30359171246677197,-1.276825311348554,2020-08-04
582,27507.027777777777,11299269.636856368,0.3153590529240977,-1.1893090141108706,2020-08-05
583,26816.527777777777,11726785.887727449,0.49354108796547813,-1.0794327797933758,2020-08-06
584,27470.743055555555,17593985.076606657,0.40564490733704994,-1.27900272897448,2020-08-07
585,26873.729166666668,20998336.769599304,0.48019798975648853,-1.3108831445810167,2020-08-08
586,26780.850694444445,28440873.80689847,0.44252757409402926,-1.343935909071541,2020-08-09
587,29403.979166666668,27732824.118031356,0.24555792622528122,-1.3610451514126736,2020-08-10
588,28891.850694444445,22617742.392264325,0.3549679079713682,-1.2675657404627205,2020-08-11
589,30269.395833333332,34844580.79747387,0.3310777635611073,-1.3906845661429377,2020-08-12
590,32531.04513888889,41536252.37774632,0.13494632961161693,-1.4986964454560572,2020-08-13
591,35387.385416666664,56742714.314351045,0.05149984334092363,-1.5325612130486124,2020-08-14
592,35267.95486111111,46105017.65997629,-0.010052155794357925,-1.5869938312920338,2020-08-15
593,33999.77777777778,38903388.74487031,0.13394582370350774,-1.5259918475196026,2020-08-16
594,36145.12152777778,43864295.55660811,-0.08892562797215892,-1.4977208193067728,2020-08-17
595,37383.510416666664,51782982.65494338,-0.03744830868114851,-1.562199380799374,2020-08-18
596,36866.256944444445,40494229.53653697,0.029934784305525444,-1.4975700667132736,2020-08-19
597,34527.34027777778,34500809.30541038,0.1154062385651594,-1.4265067584439524,2020-08-20
598,34084.88888888889,34144815.193186216,0.05392806852919646,-1.5011263835016377,2020-08-21
599,32978.15972222222,31156255.793215256,0.13208100865531758,-1.4961563126912103,2020-08-22
600,31774.409722222223,34141245.497048005,0.1623949631776541,-1.5397865690191086,2020-08-23
601,34242.708333333336,37513570.17944251,0.07848950707311626,-1.4260383882613066,2020-08-24
602,33175.631944444445,34011043.83618854,0.17947177254957106,-1.3984028356120026,2020-08-25
603,32324.996527777777,30443010.233437374,0.17954506994203998,-1.4248763200877388,2020-08-26
604,31702.645833333332,30769245.33057491,0.18311133698485194,-1.4178284457363355,2020-08-27
605,30595.315972222223,23720482.474726576,0.2112422167929404,-1.3704596555296142,2020-08-28
606,27345.82638888889,16164509.370451028,0.49103793275094415,-1.259636050014786,2020-08-29
607,25617.958333333332,17126249.977351915,0.5700100727047615,-1.234189128695541,2020-08-30
608,28137.114583333332,19739103.63490854,0.15471218707755335,-1.2717644610252923,2020-08-31
609,28066.381944444445,15353387.763017807,0.20659228540128402,-1.2432193914965413,2020-09-01
610,28250.89236111111,17292562.98140486,0.21742987924767926,-1.2847936418649177,2020-09-02
611,29431.836805555555,25119003.551671993,0.22805730797379567,-1.3496487243538735,2020-09-03
612,31078.01388888889,35116405.595625244,0.22406193804585767,-1.404910370709692,2020-09-04
613,33317.02777777778,65255568.19434766,0.17416570513491472,-1.5913981297278854,2020-09-05
614,35317.44097222222,61240041.27873355,0.07643580291530985,-1.572356439105825,2020-09-06
615,33313.47222222222,31467851.929539297,0.15525251377655944,-1.4923682618256673,2020-09-07
616,30519.677083333332,11370476.240309231,-0.27655935688259026,-1.2271027193691249,2020-09-08
617,28480.725694444445,11999927.349581398,-0.07539849738901988,-1.331487794513849,2020-09-09
618,26916.868055555555,8886211.947686797,-0.24355003152534824,-1.3196820487245686,2020-09-10
619,26568.350694444445,11712058.284250388,0.06650947684149072,-1.2248541500221475,2020-09-11
620,25206.847222222223,11540975.244870305,0.5176857706614073,-1.2565692701554558,2020-09-12
621,24542.729166666668,14671419.361933798,0.5326655757059647,-1.2988264776323906,2020-09-13
622,27583.940972222223,22662791.14981369,0.199449288165795,-1.2910978366959678,2020-09-14
623,28209.819444444445,21784905.9672861,0.24395050345926014,-1.30906395922011,2020-09-15
624,28774.961805555555,27298199.381811365,0.31982147384706366,-1.2996715726044277,2020-09-16
625,29025.885416666668,27313981.8997169,0.2934130428755337,-1.315451345752145,2020-09-17
626,29400.42361111111,25428071.63874371,0.16413382170406665,-1.3635822742162198,2020-09-18
627,26940.96875,17334903.891006097,0.40482481333666526,-1.2920437186903666,2020-09-19
628,25400.25,19058539.867595818,0.5049675258543191,-1.28279245931377,2020-09-20
629,27547.569444444445,22212132.517808747,0.23950776298864956,-1.2702807136979972,2020-09-21
630,27756.875,19427247.69163763,0.298885698796043,-1.2444094584053706,2020-09-22
631,27645.79513888889,19698747.30631775,0.341615290950288,-1.2395078603462049,2020-09-23
632,28163.305555555555,21059898.491676345,0.2739122511501774,-1.2777852191067707,2020-09-24
633,27067.666666666668,12892121.44250871,0.26200790144518415,-1.204922810724644,2020-09-25
634,25683.333333333332,13202713.198606271,0.5032307985535539,-1.2759766592272705,2020-09-26
635,25896.45138888889,19738912.95233256,0.5317025731289134,-1.30394072708149,2020-09-27
636,30074.5,37577806.271777004,0.24909329416892978,-1.327839572805647,2020-09-28
637,30645.652777777777,38661150.701316305,0.3451127759591853,-1.288181573893688,2020-09-29
638,31813.274305555555,47895996.645748645,0.2525777348840174,-1.4065796266303259,2020-09-30
639,32196.163194444445,46163506.666654564,0.2704030566146541,-1.3907889404795488,2020-10-01
640,31184.07638888889,38238175.638743706,0.3281353075969181,-1.3087480573682422,2020-10-02
641,28200.38888888889,26949952.94928378,0.47510652117429075,-1.2503885959570087,2020-10-03
642,26467.302083333332,26985380.615744773,0.49076234563903537,-1.3175571122898178,2020-10-04
643,28135.600694444445,28483691.94104481,0.2834400655848687,-1.3006591063653294,2020-10-05
644,27436.583333333332,19121986.1184669,0.21846577120376903,-1.3253723516048592,2020-10-06
645,26621.020833333332,12907038.668554006,0.23648788309528732,-1.205228648753124,2020-10-07
646,25562.479166666668,6463338.229529616,-0.10474514737731234,-0.9929187793032579,2020-10-08
647,24560.784722222223,5360391.270567169,-0.019286408969977777,-0.9012256267637233,2020-10-09
648,23217.979166666668,4713982.508275261,0.5318059584400511,-0.857273662660945,2020-10-10
649,22346.239583333332,7994445.332643728,0.7756756587821848,-0.938507987525155,2020-10-11
650,26393.166666666668,24539713.337979093,0.22984908901911905,-1.2833217615483905,2020-10-12
651,28152.690972222223,26868359.691625528,0.296195841568989,-1.2837288848990795,2020-10-13
652,28305.979166666668,29867451.679006968,0.27500637474109974,-1.2882778778693933,2020-10-14
653,28835.78125,29485561.8997169,0.2791507198762177,-1.3081807151500682,2020-10-15
654,28936.86111111111,26057320.538133953,0.32536362454384316,-1.2451974094092981,2020-10-16
655,26006.993055555555,16384883.665456835,0.5338393897130016,-1.1943236543962423,2020-10-17
656,24385.760416666668,14845107.478985192,0.5790330154780583,-1.201022741556895,2020-10-18
657,26230.1875,15160680.515243903,0.10697251091686301,-1.1700229698240026,2020-10-19
658,25879.76736111111,11683376.046735868,0.19343443145630854,-1.09894328447356,2020-10-20
659,25647.42013888889,9188353.73576026,0.10076859818892828,-1.02553843579976,2020-10-21
660,24847.09375,5645841.7925740415,-0.20285018908206476,-0.9711431772942123,2020-10-22
661,24164.677083333332,4429929.989438153,-0.3451655836039329,-0.8774323186752264,2020-10-23
662,22343.916666666668,2532810.9337979094,0.6293938422550617,-0.30632932864532014,2020-10-24
663,21139.5625,2655796.7556620208,0.9974023198750714,-0.015444138860309042,2020-10-25
664,21980.70486111111,4388033.254052943,0.1780408866294016,-0.7568969843912647,2020-10-26
665,22471.034722222223,5275246.409939992,0.15392137904090986,-0.7768213944617277,2020-10-27
666,22796.416666666668,5150046.536585365,0.070536915169754,-0.7757806799884741,2020-10-28
667,23187.677083333332,6132673.787347561,0.09394771848799155,-0.9017512415460462,2020-10-29
668,23103.024305555555,5248645.501149342,0.016682832946197688,-0.8603436027445017,2020-10-30
669,21374.32986111111,3823457.936108691,0.6921608074169365,-0.7927660493845332,2020-10-31
670,20259.975694444445,23836360.30254307,-2.4798201228796146,8.90671331432186,2020-11-01
671,23437.302083333332,9903677.479856271,-0.0018723326067822607,-1.0685923975873828,2020-11-02
672,23639.850694444445,7585755.92536537,0.1509459578058577,-0.9802361792213454,2020-11-03
673,24026.229166666668,9606608.246951219,0.24279422079076204,-1.116665949838303,2020-11-04
674,24436.274305555555,9917646.534250388,-0.02168164903253514,-1.2377009542480308,2020-11-05
675,23447.847222222223,4779557.9556717,-0.0537380968272447,-0.9222170560605267,2020-11-06
676,21057.784722222223,3560437.723528842,0.843206021317993,-0.5343473213147707,2020-11-07
677,20704.333333333332,6386926.480836238,0.9430850507304106,-0.6611409487724598,2020-11-08
678,23215.697916666668,6976046.539089722,0.38264706006123506,-0.8434726609185881,2020-11-09
679,23700.458333333332,4704190.994773519,0.5750327845738868,-0.842686946053592,2020-11-10
680,23264.430555555555,4540326.761711189,0.6490423987620592,-0.54257119915439,2020-11-11
681,23337.60763888889,5014796.037153987,0.4680210658121838,-0.7309750700764606,2020-11-12
682,23579.45138888889,4438449.997628726,0.10843475604015392,-0.691669479467476,2020-11-13
683,21350.385416666668,3965818.676720383,0.9040166295725492,-0.5152019456417034,2020-11-14
684,20691.14236111111,5211877.613809041,0.8833034295588132,-0.5497312743324785,2020-11-15
685,22925.85763888889,8195898.227049459,0.12488995587577954,-0.8671719278208556,2020-11-16
686,23406.98263888889,6872911.020603466,-0.042696565914431626,-0.9791927514583927,2020-11-17
687,23147.649305555555,5675528.42362321,0.13600011724845662,-0.6801632983973964,2020-11-18
688,23207.427083333332,5617992.259472997,0.3257539792368668,-0.7511281735904181,2020-11-19
689,23480.555555555555,4364725.669376694,0.09346639117857251,-0.71047104702749,2020-11-20
690,21812.819444444445,4092532.64324429,0.882098375354868,-0.5625514302438495,2020-11-21
691,21223.61111111111,5469306.656600851,0.8339416834299224,-0.6751550439120186,2020-11-22
692,23504.788194444445,6331307.930591851,0.19110779125787714,-0.7834803498729479,2020-11-23
693,23746.354166666668,5218146.354965157,0.5121688322191285,-0.7876954654758337,2020-11-24
694,23578.253472222223,4883354.580127275,0.531151854730452,-0.8239675796774382,2020-11-25
695,21530.722222222223,2346176.257065428,0.7287220336619763,-0.6996742994922971,2020-11-26
696,21699.35763888889,5112668.753181862,0.6752076027064473,-0.8950261904036916,2020-11-27
697,21817.652777777777,5053920.129887727,0.6456280539637775,-0.768965028930833,2020-11-28
698,21610.01388888889,5660926.877855208,0.7615689842260945,-0.5964092908359868,2020-11-29
699,24090.53125,7087008.228985191,0.13835644945011594,-0.8842815965249886,2020-11-30
700,24475.677083333332,5986623.843096691,0.38150729177720705,-0.8642331776739249,2020-12-01
701,24335.961805555555,5398421.326062234,0.4216996897011942,-0.7711811728924833,2020-12-02
702,24150.979166666668,6002158.354965157,0.33715813744683937,-0.8260318400492688,2020-12-03
703,24250.177083333332,4963859.776894599,0.28938165308937147,-1.0133095127831733,2020-12-04
704,23013.597222222223,4418037.920828494,0.7836948470672643,-0.6189779284915371,2020-12-05
705,22183.774305555555,5920499.144006485,0.9090537106452987,-0.5832161061243437,2020-12-06
706,24629.75,7232663.519163763,-0.16143648045149672,-0.8804129148043902,2020-12-07
707,24323.895833333332,6564124.435104529,0.059624645346732744,-0.7304772621511173,2020-12-08
708,24267.850694444445,6136039.5211841855,0.10361041294361067,-0.8299100623824032,2020-12-09
709,24310.621527777777,6521963.358001838,0.2762067340935922,-0.8517505120004789,2020-12-10
710,24814.42361111111,5924353.548151375,-0.03707428024861339,-0.7745311692077101,2020-12-11
711,23396.944444444445,4320653.871467287,0.5226270727753735,-0.578073718927079,2020-12-12
712,22655.690972222223,5107718.925075009,0.862903877573705,-0.5030358030008668,2020-12-13
713,24159.604166666668,8311459.5222125435,0.14579671436498745,-0.8365965010677425,2020-12-14
714,24635.17013888889,6595009.312415312,0.2994500720890688,-0.8172559980619574,2020-12-15
715,24688.774305555555,6193374.042961189,0.2966636953899896,-0.9309578021018168,2020-12-16
716,24413.92013888889,6052082.338547716,0.2969055447398945,-0.8118076296085803,2020-12-17
717,24250.256944444445,5650179.45988192,0.3309199006764857,-1.0508883300837917,2020-12-18
718,22925.15625,5725495.0660932055,0.6780393677611153,-0.7779846797987786,2020-12-19
719,22457.434027777777,5528130.176817169,0.8708646305598072,-0.5139443724738131,2020-12-20
720,24174.628472222223,6317047.098419958,0.12045818844486271,-0.768004524735928,2020-12-21
721,24096.13888888889,6013138.935346496,0.37299473221721025,-0.7797348604969407,2020-12-22
722,24400.864583333332,5948728.786476481,0.3040759218082611,-0.7970462518839359,2020-12-23
723,23532.54513888889,3434555.9491748936,0.19515992653066286,-0.6124724270082589,2020-12-24
724,21376.54513888889,3053081.9073630474,0.8885366861766107,-0.49507451416686,2020-12-25
725,21171.243055555555,5957975.111449865,0.9281965665801585,-0.6448592358236027,2020-12-26
726,21654.697916666668,5756693.9955357155,0.9700125271692221,-0.5146641926869142,2020-12-27
727,23855.086805555555,7919414.386166762,0.13416870993739122,-0.7564268559521214,2020-12-28
728,23440.972222222223,5913254.974835462,0.5897282895812911,-0.8719830796865784,2020-12-29
729,23476.979166666668,5195604.863675959,0.5521437069928794,-0.9534796494257392,2020-12-30
730,22555.975694444445,4093009.222403697,0.6698838979410342,-0.5989866299462547,2020-12-31
731,20942.711805555555,5435643.718048297,0.6019286505775435,-0.77094294490953,2021-01-01
732,21649.006944444445,4592086.634097949,0.9192962219264752,-0.43225703003549043,2021-01-02
733,21176.447916666668,5462653.934560104,1.0028375476821758,-0.4488910088563909,2021-01-03
734,23316.020833333332,5883697.706881533,-0.08160758246925476,-0.7067683872942081,2021-01-04
735,23478.850694444445,5527637.326062234,0.284147307106771,-0.9920082515444042,2021-01-05
736,24011.489583333332,5058164.313479966,-0.10015512332173557,-0.8433883039654111,2021-01-06
737,23901.159722222223,5279886.4273615945,0.05403819490279681,-0.9397171339174406,2021-01-07
738,23651.40625,4541132.1793336235,0.03597306095294794,-1.0570345702027044,2021-01-08
739,22039.378472222223,4040848.7586987037,0.7163753107479973,-0.6926993674630291,2021-01-09
740,21500.53125,4500079.204594947,0.9798646603970349,-0.4529153240534378,2021-01-10
741,23463.979166666668,6068727.915940766,0.06290433163320529,-1.055788463906847,2021-01-11
742,24025.930555555555,5006472.14150213,-0.262556385426595,-0.8887323192575325,2021-01-12
743,23342.42361111111,4413898.279858692,0.19622352982274718,-1.032648214579154,2021-01-13
744,23097.315972222223,4681479.882392082,0.19715071853332977,-0.9037829036379255,2021-01-14
745,23012.684027777777,4666035.206433894,0.06075314529531135,-0.8216515916374574,2021-01-15
746,21117.01736111111,4088905.6686870884,0.8928773826049763,-0.4724034698513515,2021-01-16
747,20428.07638888889,4978809.276374371,0.8906901746295063,-0.5097517491924193,2021-01-17
748,21887.065972222223,5509444.319674313,0.6589607409417532,-0.5364843082534119,2021-01-18
749,22620.70486111111,5205179.867293362,0.07724507894801111,-0.741519986624648,2021-01-19
750,22769.194444444445,5188486.157181572,0.20623864797330554,-0.8035971795967356,2021-01-20
751,22850.34375,5283382.818706446,0.37064815260579026,-0.9060537210098314,2021-01-21
752,23582.909722222223,4813175.796699574,-0.30607964810056054,-0.7689585164383472,2021-01-22
753,22558.57986111111,3877928.7253072974,0.7531132022320882,-0.38806472308157236,2021-01-23
754,22066.625,4816556.743902439,0.9839995798020439,-0.4306895701587221,2021-01-24
755,24198.722222222223,8117402.9608981805,-0.06616834918388356,-0.8168918315028311,2021-01-25
756,24572.881944444445,5661070.675909795,0.344874488472188,-0.9199930252917619,2021-01-26
757,24304.125,5466045.824041812,-0.27028867720647054,-0.8972396640660016,2021-01-27
758,23930.770833333332,5346467.0901567945,-0.32926050269348783,-0.8958295548991759,2021-01-28
759,23532.98263888889,4672551.271474546,-0.15816009600036368,-0.7737904511267275,2021-01-29
760,21106.76736111111,5322228.4927289,0.2305367173219772,-0.6999885668592527,2021-01-30
761,20481.190972222223,4455856.844935636,0.7032020858441002,-0.523413097268524,2021-01-31
762,22416.927083333332,5900969.447626307,-0.19341754924210292,-0.8702858728550158,2021-02-01
763,22219.586805555555,4577749.950626694,0.26460376878106373,-0.780309158239429,2021-02-02
764,22584.631944444445,4909348.100996903,0.34820247862448755,-0.9289729837456266,2021-02-03
765,22630.815972222223,5239942.0600924315,0.4177567818890968,-1.1698700216092495,2021-02-04
766,22291.61111111111,4152939.0956252427,0.37397763777685605,-1.2740213067307147,2021-02-05
767,20467.833333333332,4771398.857142857,0.24637586164609762,-0.70563280749119,2021-02-06
768,19780.788194444445,4819553.017699865,0.3673375210247747,-0.7133372455510569,2021-02-07
769,22322.302083333332,6034061.765570558,0.21006277656102829,-0.9873062727004993,2021-02-08
770,23158.10763888889,5538080.291509389,-0.16219261134634125,-0.9904499333275503,2021-02-09
771,22412.850694444445,4784708.496793942,0.45195891354245304,-1.0082765026729525,2021-02-10
772,23086.121527777777,4800955.026991386,-0.030178771446003803,-0.7455217004874308,2021-02-11
773,21990.770833333332,4175375.9054878047,0.40810067780879594,-1.1075903168153878,2021-02-12
774,20632.489583333332,4023149.9650479094,0.6875395966170791,-0.4796644161578363,2021-02-13
775,20243.92361111111,4414241.067315138,0.8738883969125915,-0.4861427635618596,2021-02-14
776,22354.840277777777,4775286.037117693,0.21462877996834506,-0.5945199205772487,2021-02-15
777,22530.416666666668,4986419.721254355,0.47373196187457967,-0.8439265105626288,2021-02-16
778,22528.510416666668,5457821.526023519,0.5167544680557151,-1.0371457730018254,2021-02-17
779,22632.756944444445,3913467.9964672863,0.5017871636911145,-1.059555408421545,2021-02-18
780,22422.152777777777,3616294.931281456,0.44229371375147397,-0.9525912662064293,2021-02-19
781,20425.88888888889,5200127.736740224,0.22123530946626646,-0.7261769787893435,2021-02-20
782,19591.149305555555,6659993.270313106,0.18064725340020021,-0.7782531712242462,2021-02-21
783,21881.447916666668,5517631.934560104,0.5238329493072298,-0.9170115244384323,2021-02-22
784,21958.072916666668,4373107.803027003,0.6049351529514296,-0.8065095911044287,2021-02-23
785,22160.381944444445,5094890.278697251,0.6593551681200589,-0.7361618950968531,2021-02-24
786,22158.572916666668,4887723.869229094,0.5936638035973277,-0.9061861662174882,2021-02-25
787,22141.041666666668,4307472.297909408,0.4511979029652235,-1.0727240158783036,2021-02-26
788,20469.024305555555,5405385.36177652,0.14649893167295552,-0.7580686551443936,2021-02-27
789,19622.402777777777,7196318.074138599,0.22101063868655013,-0.7556562077662909,2021-02-28
790,22141.996527777777,5490111.271764905,0.5328144224937589,-0.9231113003731028,2021-03-01
791,22603.805555555555,4697403.753000387,0.5429390359351504,-0.9384753662195484,2021-03-02
792,24068.930555555555,5165837.660665893,-0.34897295890758734,-0.8211054742414139,2021-03-03
793,22752.65625,4460591.864002613,0.5056443500549187,-1.016276302680072,2021-03-04
794,22451.10763888889,3853402.779314266,0.549171218142787,-0.9559887399377303,2021-03-05
795,20395.45486111111,5430240.283669667,0.22615674195813948,-0.7100458355481472,2021-03-06
796,20282.243055555555,5352610.107965544,0.6603773432843041,-0.4451487632503026,2021-03-07
797,22797.885416666668,5564870.826546167,0.3531485046601735,-0.7301414736164493,2021-03-08
798,23465.815972222223,4786909.405040166,0.5761685233327182,-0.7296855796823429,2021-03-09
799,24099.760416666668,4266645.102678572,0.22538813731301363,-0.630590761377944,2021-03-10
800,23595.82986111111,4392716.908234127,0.5392236941816232,-0.8925388258648717,2021-03-11
801,22975.145833333332,3802520.327090592,0.5649411125860229,-0.9602848849575607,2021-03-12
802,20735.940972222223,5549508.80138163,-0.13143024748085547,-0.7453898214490371,2021-03-13
803,19844.604166666668,21269646.957752615,-3.1641001427123783,11.807279647878138,2021-03-14
804,23571.819444444445,5571134.615369725,-0.10285891436498848,-0.923810450298427,2021-03-15
805,23051.944444444445,5511396.575300039,0.2963654777925269,-1.2076737889415259,2021-03-16
806,23339.503472222223,3803583.9860506193,0.438622619894882,-1.2945465971580812,2021-03-17
807,23192.222222222223,3219984.438250097,0.22011802026247826,-1.1411332497859017,2021-03-18
808,22438.475694444445,3298814.9401737317,0.25120348909512275,-1.2749476747000419,2021-03-19
809,20002.260416666668,5416482.290831881,-0.1763607911533326,-0.7145556866575156,2021-03-20
810,19119.288194444445,7340651.85742112,-0.006971249888123186,-0.7709874296175752,2021-03-21
811,21582.868055555555,5106428.818766938,0.38402870615087753,-1.2915062332378549,2021-03-22
812,21878.440972222223,4736360.212531455,0.3860120118689443,-1.300295256399639,2021-03-23
813,21866.29513888889,4390701.038025068,0.3923899755442277,-1.2266740677216177,2021-03-24
814,22368.475694444445,3610560.954111014,0.4199002367905707,-0.9962815039350135,2021-03-25
815,21645.98611111111,4835555.734998064,0.22684747043723213,-1.2720503659928923,2021-03-26
816,19978.159722222223,5118317.242692606,-0.12352641537466369,-0.7932735231876764,2021-03-27
817,19553.260416666668,6890312.736824914,0.5209122535311654,-0.6230213991171079,2021-03-28
818,21808.979166666668,4982705.00304878,0.5640506936462756,-0.722418134500205,2021-03-29
819,22210.052083333332,4424726.523410278,0.5844284962804182,-0.9016309938402003,2021-03-30
820,22851.604166666668,5206524.915940766,0.5268659331561687,-0.8861316546260576,2021-03-31
821,23293.416666666668,4633094.390243903,0.32035744755256496,-0.6300712181936152,2021-04-01
822,22178.555555555555,3902955.913279133,0.5505783129908395,-0.052968240756584795,2021-04-02
823,20366.53125,4904992.09658101,0.3709115781045445,-0.5737724454957185,2021-04-03
824,19358.0,5651057.142857143,0.26083675758494024,-0.681640105954489,2021-04-04
825,21990.885416666668,5072796.4084277,0.47743443783965783,-0.7251189874070212,2021-04-05
826,22440.26388888889,4307499.309910957,0.5776482461387239,-0.8825406621009759,2021-04-06
827,22871.225694444445,4351048.412299167,0.5991677639989058,-0.6656551959179304,2021-04-07
828,22710.875,4174554.9529616726,0.6367543339256466,-0.7670703746908067,2021-04-08
829,22531.913194444445,4095087.3129960317,0.6532360580835302,-0.7502026487284219,2021-04-09
830,20836.29861111111,4830540.579510259,0.3423142451948283,-0.5931120896484985,2021-04-10
831,20003.975694444445,5795591.354807879,0.599288748273701,-0.5848684550626833,2021-04-11
832,22541.652777777777,4664649.14730933,0.2477200460602417,-0.994338514762831,2021-04-12
833,22945.319444444445,3389443.1101432443,0.15849196554257716,-0.8695582328238456,2021-04-13
834,22281.284722222223,3493761.3890340687,0.5782048875741993,-0.8525457850174623,2021-04-14
835,22325.26736111111,4127034.879488483,0.5186861534102216,-0.9709986341661532,2021-04-15
836,22255.67361111111,3923941.976722803,0.5477038387960983,-0.9273240981175399,2021-04-16
837,20603.63888888889,5227152.405729771,0.26324321085797364,-0.6751582591096446,2021-04-17
838,20110.065972222223,8183026.124552362,0.7006554002744819,-0.6700755658673776,2021-04-18
839,23254.78125,7622323.3143510455,0.39721181211586476,-0.8213000804392117,2021-04-19
840,22972.95138888889,3629253.5516356947,0.7123955181185441,-0.5155847805501006,2021-04-20
841,22934.65625,3245119.306511324,0.4381654675092725,-0.6642228180518877,2021-04-21
842,23185.996527777777,3247180.3588729193,0.11586539735255004,-0.6955684503395116,2021-04-22
843,22795.333333333332,2707181.0592334494,0.24924200583262757,-0.8434726663595171,2021-04-23
844,20807.878472222223,3502177.6541690864,0.2258628793787833,-0.4042443252744925,2021-04-24
845,20308.305555555555,2874506.840108401,1.051110691056954,-0.061136294423277615,2021-04-25
846,22005.881944444445,3665630.362320944,0.40337855159172475,-0.9536062251580355,2021-04-26
847,22012.503472222223,3951465.2334373784,0.5821785548752589,-0.857549650219799,2021-04-27
848,22785.565972222223,5050519.05486595,0.7621573596988382,-0.6271923442829239,2021-04-28
849,24069.17361111111,8897060.164876115,0.5628830521684499,-0.9639764790742937,2021-04-29
850,24955.125,9569934.026132405,0.35720175252757325,-1.2038025742973244,2021-04-30
851,21652.0,4258908.8989547035,0.7151774631797831,-0.7055606019778016,2021-05-01
852,20141.42013888889,5895464.955272455,0.7065260278180061,-0.594071574875175,2021-05-02
853,23274.95486111111,8858257.165202769,0.5681968964697811,-0.8349863225116549,2021-05-03
854,24922.277777777777,10421849.748354627,0.5534871424741087,-1.0038409035318447,2021-05-04
855,25662.381944444445,11102220.801345337,0.4218328525030401,-1.1474480667335833,2021-05-05
856,24391.32638888889,5033005.140485869,0.544833145037176,-0.8033636575266776,2021-05-06
857,23484.67013888889,3784831.0371539877,0.6571171061432494,-0.6985333728314758,2021-05-07
858,21655.524305555555,6646142.152717286,0.5514773050222711,-0.7919239121890462,2021-05-08
859,20813.444444444445,7060011.3975996915,0.6234834029398134,-0.7685639327489686,2021-05-09
860,23987.222222222223,8390190.361595044,0.3146860491719454,-0.8418644773711801,2021-05-10
861,24784.059027777777,8422573.135876404,0.520666063370837,-0.9325156917257633,2021-05-11
862,25294.041666666668,9259130.402439024,0.46697924837939214,-1.0240354056910506,2021-05-12
863,24971.399305555555,6462216.728501258,0.4354288574609259,-0.8422682738132843,2021-05-13
864,24256.333333333332,4489598.668989547,0.40604744161002626,-0.8682484169050007,2021-05-14
865,21616.07638888889,3292609.422715835,0.4375889734064189,-0.4720873945970543,2021-05-15
866,20548.083333333332,4727346.662020906,0.9065702900966998,-0.4402976099693676,2021-05-16
867,23363.895833333332,5207824.776567944,-0.04768617743784566,-0.7155986209078042,2021-05-17
868,23781.645833333332,5331254.076219512,0.637162379263709,-0.7433446433305742,2021-05-18
869,23421.041666666668,4422170.109756097,0.761745309705922,-0.6022433083434793,2021-05-19
870,22788.534722222223,2960086.5144696087,0.7904996466071371,-0.39567884164621203,2021-05-20
871,22265.864583333332,3367516.8491942515,0.6584197379746253,-0.7048566453350258,2021-05-21
872,20493.211805555555,5072398.669267809,0.20616941801358793,-0.7330031697727124,2021-05-22
873,19828.881944444445,8151846.578348819,0.4227891503625145,-0.8503728188560271,2021-05-23
874,24024.006944444445,11656631.46336624,0.4944582003971262,-1.0303119699266325,2021-05-24
875,25126.635416666668,8638975.891006097,0.44847953748205155,-1.1801512365524716,2021-05-25
876,24978.822916666668,6226407.623584495,0.5406036713739959,-0.9478014900132883,2021-05-26
877,24455.493055555555,6986310.487756485,0.6398290721281464,-0.9928504857674025,2021-05-27
878,24757.14236111111,6285105.711370016,0.5440455877912885,-1.0939473244307865,2021-05-28
879,22336.090277777777,5097734.047570654,0.6674580946316107,-0.8411758870812722,2021-05-29
880,22125.965277777777,10235061.239208285,0.750679648358064,-0.9645676332720594,2021-05-30
881,24700.8125,16627467.93684669,0.5928000193584716,-1.2377098669424869,2021-05-31
882,27583.868055555555,18331143.438975997,0.16133215233932158,-1.3853724240880874,2021-06-01
883,27739.71875,14534388.955466028,0.30042044408573215,-1.2792228277094646,2021-06-02
884,27856.395833333332,16390644.692944251,0.33115303465538926,-1.299357529448724,2021-06-03
885,27481.975694444445,11180289.940173734,0.22881986874659502,-1.2019401217037704,2021-06-04
886,24901.965277777777,9434384.730497483,0.6047178320529123,-1.1665080928695142,2021-06-05
887,23008.75,8216301.554006969,0.6736689574119589,-1.0427806993792703,2021-06-06
888,24268.583333333332,4021607.5400696862,-0.14118145590828163,-0.726804882099092,2021-06-07
889,23601.4375,4260987.99608014,0.831314131364516,-0.5635202653435147,2021-06-08
890,23611.569444444445,3499104.190282617,0.7021181239461427,-0.594233852851838,2021-06-09
891,23383.86111111111,4533116.51722803,0.7953469253378448,-0.6281420656874594,2021-06-10
892,24331.059027777777,6640521.407653407,0.6391467764494212,-1.0080135464553686,2021-06-11
893,24682.815972222223,13125063.746503582,0.6163850816420564,-1.2354577810835483,2021-06-12
894,24709.04513888889,17529983.896910086,0.5848350353990103,-1.2199134200759998,2021-06-13
895,28347.555555555555,22115089.801780872,0.2107550928296394,-1.372879672767958,2021-06-14
896,30042.725694444445,29811714.576062236,0.30752873035131506,-1.430588246819631,2021-06-15
897,31175.864583333332,27133603.316093206,0.14629489046631458,-1.4624501092598332,2021-06-16
898,32327.805555555555,35493942.25474255,0.14931957479980404,-1.478245752424107,2021-06-17
899,32589.395833333332,27253700.365418117,0.12302854571855998,-1.4228759400487716,2021-06-18
900,29455.871527777777,19163453.610615082,0.2917009858531689,-1.3737728640109914,2021-06-19
901,26953.725694444445,15302718.903588364,0.40553308425535695,-1.2693149174138525,2021-06-20
902,28517.145833333332,18403972.49433798,0.18384874074141155,-1.309433323536717,2021-06-21
903,28217.4375,12282155.341027874,0.17448288195661904,-1.3496306020135285,2021-06-22
904,28042.65625,10955261.34832317,0.223071429378047,-1.2984763519987486,2021-06-23
905,27117.35763888889,10164014.390812526,0.394759458215297,-1.2454012053476808,2021-06-24
906,27359.100694444445,14393807.1082922,0.43088029790696747,-1.2695531053409064,2021-06-25
907,27470.059027777777,20876978.73169522,0.4847289880062123,-1.3145626646971065,2021-06-26
908,27745.96875,21857526.42759146,0.34219220755523144,-1.3896805409652262,2021-06-27
909,30190.600694444445,25102627.021184184,0.09191281779912555,-1.4633895358486086,2021-06-28
910,30087.760416666668,18651299.715918988,0.15367112906496438,-1.409382033922337,2021-06-29
911,30365.163194444445,19401317.53773471,0.23968483639386906,-1.3491260378519454,2021-06-30
912,30342.427083333332,23816482.593967773,0.3141868606105926,-1.3837992698517194,2021-07-01
913,29999.083333333332,20432366.613240417,0.26098572952271615,-1.431134462197248,2021-07-02
914,27937.034722222223,15839670.096351141,0.4215446918559077,-1.3485810856571285,2021-07-03
915,25572.972222222223,13313352.500967866,0.3967709080361533,-1.3216908840086168,2021-07-04
916,26819.90625,28521093.743793555,2.519732244096598,17.638808912480595,2021-07-05
917,28813.61111111111,21265047.33952768,0.36356187363891296,-1.3299352609323314,2021-07-06
918,29907.385416666668,22180410.09135453,0.28026185970920775,-1.3969934238878636,2021-07-07
919,32040.96875,34273159.43804442,0.1286599628993113,-1.5083969503810757,2021-07-08
920,33894.95486111111,35661913.93872193,0.06586277667326113,-1.4717339892100012,2021-07-09
921,32092.559027777777,29367751.01392518,0.15090791416013202,-1.497145453309716,2021-07-10
922,29791.065972222223,22034754.06183459,0.2494183584050084,-1.3993469852999103,2021-07-11
923,31005.104166666668,24345356.107578397,0.0982733071543851,-1.4108203188288417,2021-07-12
924,31374.20138888889,21494090.795538135,0.07972572453332567,-1.416856544992286,2021-07-13
925,31031.961805555555,20204247.284250386,0.1739850958504962,-1.39040031403668,2021-07-14
926,30589.725694444445,17692713.55167199,0.23472162515633052,-1.3648570714163808,2021-07-15
927,29986.069444444445,18302180.685056135,0.23804888421652043,-1.412301066714013,2021-07-16
928,28922.10763888889,21666791.23227594,0.33675652782231646,-1.4475414129333901,2021-07-17
929,29337.461805555555,27119598.40968593,0.2867166430649665,-1.4963903738366553,2021-07-18
930,32800.604166666664,36301930.15635888,0.10378179260482667,-1.4552434404619483,2021-07-19
931,32521.29513888889,28970029.776701022,0.20195860188426462,-1.406677070956857,2021-07-20
932,32577.70486111111,29083418.536282912,0.1995213121014248,-1.4290636852571186,2021-07-21
933,31999.89236111111,22732022.18697977,0.1586963292105316,-1.4043350462061475,2021-07-22
934,31293.34375,23542646.47027439,0.20629928442788514,-1.398410881518709,2021-07-23
935,28584.131944444445,14647981.508662408,0.31667235170408675,-1.4062490758308868,2021-07-24
936,27344.14236111111,17187802.087676637,0.3356057498138487,-1.4644920514592876,2021-07-25
937,29272.850694444445,12791899.737212062,-0.21562379748083788,-1.2685566912554644,2021-07-26
938,31066.354166666668,26949589.086672474,0.20552664827256636,-1.3852562891969358,2021-07-27
939,32024.694444444445,31415945.34185056,0.1890373077424781,-1.4175158945944089,2021-07-28
940,32516.1875,33453823.588414636,0.15923340708524167,-1.4792886612852645,2021-07-29
941,32219.961805555555,27052904.308640633,0.16891835179409448,-1.4271283170737228,2021-07-30
942,29457.972222222223,18577893.60201316,0.35833186145103174,-1.340206341038633,2021-07-31
943,27894.0625,26223046.93684669,0.4426217415374983,-1.3139402724777944,2021-08-01
944,30949.052083333332,36710068.23072735,0.23569628423477604,-1.4037919042718514,2021-08-02
945,31738.663194444445,35223621.00463366,0.292318194326183,-1.4154583724379077,2021-08-03
946,31915.378472222223,30432264.90504017,0.24205520714502446,-1.4272767951167147,2021-08-04
947,31194.809027777777,21854439.081869435,0.2542776733918411,-1.349734327678438,2021-08-05
948,30263.052083333332,18982171.28299216,0.292601517336493,-1.3090951600284,2021-08-06
949,27829.184027777777,16504517.021764904,0.46742386960964316,-1.3088020348681992,2021-08-07
950,26871.600694444445,22709904.777281746,0.5535766179367027,-1.260103108316471,2021-08-08
951,30299.034722222223,31846258.284504447,0.24864273644757992,-1.379745969329801,2021-08-09
952,31906.715277777777,37573614.08589818,0.2855086436037648,-1.415191615336963,2021-08-10
953,33009.25347222222,30743216.614970483,0.1039897648720158,-1.4815862898885628,2021-08-11
954,32960.48263888889,34091427.2122411,0.1710782547030119,-1.4362123864617522,2021-08-12
955,31827.625,24992295.30836237,0.1808105085132825,-1.3810510469023225,2021-08-13
956,29974.42361111111,21133267.882646147,0.2223767462889353,-1.5067649508611431,2021-08-14
957,29761.23611111111,34528838.989353456,0.36065544668979477,-1.4331902464852782,2021-08-15
958,33214.211805555555,39294512.04209011,0.11286876026143675,-1.4323108178523722,2021-08-16
959,31738.788194444445,20862822.920138888,0.18441523795477033,-1.3423618600376088,2021-08-17
960,28727.246527777777,6999584.792670828,-0.058117784571885926,-1.0575161636023018,2021-08-18
961,28442.899305555555,11653157.937560491,0.09826646059820948,-1.1919290990738824,2021-08-19
962,27945.597222222223,10051857.572396439,0.09393351547174152,-1.1528924786110286,2021-08-20
963,24946.90625,4519277.576546167,0.859158778242875,-0.617924392203268,2021-08-21
964,23976.5,10322101.74216028,0.7933123417872194,-0.9784265603218278,2021-08-22
965,26892.5625,14966297.236498257,0.1888068377443579,-1.1528102725756486,2021-08-23
966,27627.190972222223,16069317.918106372,0.3510813426504615,-1.248232176196147,2021-08-24
967,29020.302083333332,24312670.03037892,0.32604827411418724,-1.2866455886320447,2021-08-25
968,30707.034722222223,34025732.13119435,0.32267403303340936,-1.33928289790059,2021-08-26
969,31553.8125,41900175.337543555,0.3282740457015448,-1.3775146956142807,2021-08-27
970,29958.802083333332,32148315.357905053,0.39647244573588386,-1.3699015339389262,2021-08-28
971,28937.635416666668,33385506.978114113,0.3698488856325742,-1.453949523637679,2021-08-29
972,30973.89236111111,29124390.479662698,0.2106215170553802,-1.2827293231484733,2021-08-30
973,29050.04513888889,11974676.712241096,0.08630495993521331,-1.107618781522538,2021-08-31
974,27278.489583333332,8345832.84309669,0.16683301335980183,-0.9272177407310549,2021-09-01
975,26967.197916666668,10299284.981598431,0.3077400729601181,-1.0705328443034796,2021-09-02
976,27406.649305555555,15005187.719790455,0.4374970492083713,-1.1352426167133085,2021-09-03
977,26794.86111111111,25072329.855207123,0.5791930442080003,-1.2131962694725933,2021-09-04
978,27409.11111111111,35662798.65660085,0.4529907446202032,-1.3635986133014422,2021-09-05
979,29249.430555555555,37699031.80003871,0.403025888779607,-1.4005119311386507,2021-09-06
980,32058.100694444445,40060175.88181136,0.2389728951928057,-1.3421690939524147,2021-09-07
981,32928.67013888889,42106072.71659649,0.34064545762252674,-1.3254836627832218,2021-09-08
982,33521.29861111111,39172573.43665312,0.1795494502210524,-1.3957093119456851,2021-09-09
983,32128.722222222223,23732541.39295393,0.19278732389414266,-1.270833620726844,2021-09-10
984,29681.878472222223,24450713.277862467,0.40870998480495685,-1.3379376232106253,2021-09-11
985,28008.430555555555,28051090.53174603,0.48839524140597695,-1.2746182758273297,2021-09-12
986,29708.027777777777,32522211.56716996,0.34302838280045245,-1.254720836799531,2021-09-13
987,28951.177083333332,23777241.22637195,0.42959453381750146,-1.1873247701743366,2021-09-14
988,27770.0,15257388.355400696,0.42932675002342396,-1.132788709582335,2021-09-15
989,26422.055555555555,9778199.63453349,0.5357568595458287,-0.9555782895004978,2021-09-16
990,25972.395833333332,9105446.706881532,0.40071174319543673,-1.0200730645887681,2021-09-17
991,23985.76388888889,6103853.741966705,0.7540627764693444,-0.924022814404375,2021-09-18
992,22748.3125,9243431.790505227,0.7544522111600893,-0.9082276561876523,2021-09-19
993,26576.70138888889,20470738.17532907,0.37120790789206154,-1.1496769527694755,2021-09-20
994,30168.975694444445,39393618.46979046,0.35252416152811955,-1.3083049758685978,2021-09-21
995,30937.618055555555,32190228.069638018,0.2486988193807768,-1.3765268694361128,2021-09-22
996,29151.465277777777,18474288.85593302,0.20827817247050376,-1.3319258501683464,2021-09-23
997,27848.739583333332,12868715.46853223,0.10688302394102497,-1.2562391401719566,2021-09-24
998,25105.815972222223,7620848.290057589,0.537141492638753,-1.178989911976287,2021-09-25
999,23015.88888888889,5449548.782036393,0.851196505336279,-0.761177786186765,2021-09-26
1000,25142.934027777777,7371898.85625968,-0.3627851673890396,-0.9191812399167651,2021-09-27
1001,24671.822916666668,4968496.675849303,0.15815642821403172,-0.7339838274932271,2021-09-28
1002,24506.288194444445,6456007.857421119,0.41828683333849226,-0.8517845045877577,2021-09-29
1003,25565.739583333332,13271690.388392856,0.4240727378554879,-1.0632863579631038,2021-09-30
1004,26318.48263888889,14112420.98924458,0.37684652358083065,-1.0791160552032488,2021-10-01
1005,25062.253472222223,15391516.189883376,0.6691211019511649,-1.075858302094627,2021-10-02
1006,24774.88888888889,18953565.31862176,0.6161039180123427,-1.1892098206545845,2021-10-03
1007,26925.76388888889,15740429.128726289,-0.023525350546368454,-1.2632792283610488,2021-10-04
1008,26367.07986111111,9073642.85422716,0.11804715473211701,-1.0893973711973794,2021-10-05
1009,25448.659722222223,5355944.378581107,-0.01302802282358644,-0.8365689894683612,2021-10-06
1010,24932.479166666668,4427021.337543554,-0.396306365025043,-0.8484865228154712,2021-10-07
1011,23736.055555555555,3222517.982965544,0.04353799862646047,-1.0884526185227106,2021-10-08
1012,21268.118055555555,4637624.425038714,0.5023592951093268,-0.630493005299523,2021-10-09
1013,20925.11111111111,7172880.224545102,0.7364571564917141,-0.7011833331114552,2021-10-10
1014,22754.51388888889,4475007.428377856,0.35056415076562786,-0.6769546260458053,2021-10-11
1015,22651.430555555555,5194677.465543942,0.5473694682179223,-0.9398999659650804,2021-10-12
1016,23167.371527777777,4814340.938141211,0.37107617376073343,-0.9540130682272947,2021-10-13
1017,23382.381944444445,5105804.271728611,0.4691191534830679,-0.8952584461937558,2021-10-14
1018,23957.416666666668,5775938.369337979,0.3148241420355794,-0.9144302688916035,2021-10-15
1019,22313.739583333332,5800345.398845819,0.8217115406897971,-0.7400865328982364,2021-10-16
1020,20901.54861111111,5290506.882646148,0.8686330459237068,-0.5900103835070274,2021-10-17
1021,23262.427083333332,4944862.538218641,-0.13328313965602542,-0.868440437386536,2021-10-18
1022,23164.07986111111,5314220.408234128,0.41251033474441856,-1.0057145672728987,2021-10-19
1023,23870.586805555555,5108495.093483836,-0.11926459947401712,-0.8264272976894222,2021-10-20
1024,24122.48263888889,5257627.943948413,-0.011196350725033943,-0.9162690537817717,2021-10-21
1025,23475.010416666668,3542360.526023519,-0.05583315200937763,-0.8428293450966589,2021-10-22
1026,21735.364583333332,2732654.357905052,0.7842360800558578,-0.5123149285271835,2021-10-23
1027,21558.51736111111,4180437.1913351715,0.7250576327253437,-0.5868626692499701,2021-10-24
1028,23245.711805555555,5129179.836515196,-0.5035522109217315,-0.9433080841210808,2021-10-25
1029,22843.847222222223,4629530.952187379,0.3340772791509853,-0.9796897776925242,2021-10-26
1030,23235.003472222223,5840355.961660375,0.3951063878638023,-0.9122592729443837,2021-10-27
1031,24189.722222222223,8372769.755323268,0.3199849482229787,-0.8930792973347077,2021-10-28
1032,23937.10763888889,5888994.674784649,0.1887033944779288,-0.917159671169129,2021-10-29
1033,21607.694444444445,3270545.4115369725,0.8076897266301996,-0.5397813957827235,2021-10-30
1034,20659.868055555555,3063014.282181572,0.6994285021025995,-0.7433272416469032,2021-10-31
1035,23379.947916666668,6408294.425849303,-0.5152681590908798,-0.8757830577381296,2021-11-01
1036,23143.177083333332,5048383.191528746,0.17695814406540655,-0.8370064334716543,2021-11-02
1037,23116.527777777777,5738102.229190863,0.31333087109213087,-0.9206532416787843,2021-11-03
1038,23341.23611111111,5330808.327332559,0.17613430663911964,-0.8883888330968528,2021-11-04
1039,23033.17013888889,4744781.110324719,0.0828776115056483,-1.041525518686552,2021-11-05
1040,21393.14236111111,3130796.7566661825,0.756450574546473,-0.5301466090605498,2021-11-06
1041,20473.465277777777,6031232.51446961,0.7032553545264857,-0.7501154908285903,2021-11-07
1042,22879.493055555555,7409509.853610143,0.3233550152877746,-0.9937366325230421,2021-11-08
1043,23626.038194444445,5662910.259860143,0.04345210773912659,-0.778452476148817,2021-11-09
1044,23432.98263888889,5814473.842903117,0.28245998297834246,-0.798306439674179,2021-11-10
1045,23836.572916666668,7856035.283863241,0.3669715044516208,-0.9120127488562728,2021-11-11
1046,24524.371527777777,9179976.972984416,0.22597983550645168,-0.9645776414766907,2021-11-12
1047,22373.819444444445,5366036.949864499,0.757102623727103,-0.7688236128772639,2021-11-13
1048,21550.98263888889,7401904.588547717,0.7427618383805593,-0.9219343524668444,2021-11-14
1049,23785.350694444445,8717527.99156746,-0.132704831193517,-1.0196522580585063,2021-11-15
1050,23504.177083333332,5759292.431946864,-0.00876342588943794,-0.8355136684171804,2021-11-16
1051,23388.791666666668,6018676.318815331,0.26068750179402217,-0.8636983604167341,2021-11-17
1052,23632.864583333332,5693661.086128049,0.08859360837305925,-0.8736826287262858,2021-11-18
1053,23444.17013888889,4687258.11380904,-0.09719164812861267,-0.8459353360881088,2021-11-19
1054,21490.371527777777,3821893.767409504,0.7464002308459948,-0.7056693867198227,2021-11-20
1055,20941.697916666668,5931570.253375435,0.7781095288077732,-0.8032499188412072,2021-11-21
1056,23469.809027777777,7211648.022635985,0.05238325455375636,-0.9191873861705484,2021-11-22
1057,23410.836805555555,5399128.450626693,0.31730824973140936,-0.7563204929289791,2021-11-23
1058,23119.340277777777,4910999.542344174,0.476121199720787,-0.8554216754707649,2021-11-24
1059,20591.399305555555,2228350.4706615373,0.4395719814541175,-0.8527287479031354,2021-11-25
1060,20913.29513888889,5386289.233147018,0.6611369428458386,-0.9443126412477936,2021-11-26
1061,20772.347222222223,5029840.108981805,0.7130883972941326,-0.8617150853471345,2021-11-27
1062,20704.118055555555,6721739.519115369,0.7665846213288389,-0.8115079838041188,2021-11-28
1063,23392.36111111111,8029316.287262874,0.18458226493096921,-0.8969629688827916,2021-11-29
1064,23736.930555555555,6624650.294812234,0.3561197096672115,-0.8964657895638068,2021-11-30
1065,23866.833333333332,6311699.017421603,0.3244375445152325,-0.8966918158384223,2021-12-01
1066,23833.29861111111,5862551.624806427,0.3070765886881027,-0.8891452072607127,2021-12-02
1067,23740.333333333332,5303909.916376307,0.07545568560601498,-0.9192719487447825,2021-12-03
1068,22528.020833333332,4147897.5535714286,0.6095093542778628,-0.8543765932768452,2021-12-04
1069,22159.010416666668,5423227.466790071,0.898642030813663,-0.6036503649090714,2021-12-05
1070,24871.475694444445,8749263.727630178,-0.32673144023344114,-0.8852816076151564,2021-12-06
1071,24866.15625,6670439.240309234,-0.24491839083611358,-0.9111208911465609,2021-12-07
1072,24798.190972222223,6302315.249116821,0.17470059534619725,-0.8539889697522876,2021-12-08
1073,25081.95486111111,7086651.8690355215,-0.2584014163742834,-0.8452271678404464,2021-12-09
1074,24687.569444444445,5981878.0578784365,0.3411549834331083,-1.0397424506388702,2021-12-10
1075,23060.927083333332,5417579.761215157,0.42088191748811304,-0.917181822575035,2021-12-11
1076,22999.725694444445,6158301.907072687,0.8804080764231008,-0.7502087676016616,2021-12-12
1077,26136.152777777777,10081241.363337204,-0.5384597688370576,-0.9966678182284228,2021-12-13
1078,26370.534722222223,9225965.051054975,-0.3203756441142178,-0.8891022344282633,2021-12-14
1079,26086.065972222223,7608913.55312379,0.39126504676675006,-1.0290103948948794,2021-12-15
1080,25992.694444444445,5829239.669376694,0.261527040142834,-1.0174326046197062,2021-12-16
1081,25365.510416666668,5552484.613131533,0.21958287025024684,-1.2136814236739308,2021-12-17
1082,24335.96875,5514352.399716899,0.49976945380782545,-0.9795563960641305,2021-12-18
1083,24061.760416666668,6043565.367486934,0.6858783699752966,-0.8213848525491061,2021-12-19
1084,26030.565972222223,6021630.023507066,-0.004857116552670024,-0.9734667439495217,2021-12-20
1085,25618.590277777777,6092841.009243128,-0.10049769463959311,-0.9058302592152292,2021-12-21
1086,25404.635416666668,5222991.228985191,-0.2101255839081904,-0.8423910140417958,2021-12-22
1087,24997.503472222223,6828757.477339817,-0.5036503351352857,-1.0494705915784734,2021-12-23
1088,22273.90625,3552067.8204486063,0.6838297480435607,-0.7116001576252833,2021-12-24
1089,21930.350694444445,3414485.371358401,0.5503054119737153,-0.9965174785980149,2021-12-25
1090,22048.82638888889,6843298.422715833,0.8522346527344234,-0.8441544294025416,2021-12-26
1091,24566.73263888889,7313091.102484998,0.1231040423199436,-0.8425028988350483,2021-12-27
1092,25070.6875,6465424.278310104,0.1422496311558326,-0.7561717377101536,2021-12-28
1093,25498.70486111111,6552518.187850852,-0.13725972030197786,-0.8964452521864832,2021-12-29
1094,24393.04513888889,4982048.990986741,0.25443109764698235,-0.7432425025049834,2021-12-30
1095,22803.527777777777,4341864.110723964,0.8062354617958709,-0.5543423773419702,2021-12-31
